cache_set,mutual_info_bits,snr
91136,1.1016241834449638,1.7830482659194409
67264,1.1002900078827662,1.3617776827182713
103424,1.0032989116801214,0.8529274749479594
53248,0.9606964057010388,0.7988553625428171
41984,0.9550271876470635,1.1844852476261922
58368,0.9497683827398926,1.3830232872180828
57344,0.9297601569671028,1.256113058013611
102016,0.9251509213450685,0.4941937953743998
81600,0.9125923915280238,0.7424656185364079
80192,0.904672623228307,0.8047498832110974
128000,0.8869089636636588,1.3837852500730785
53760,0.8866402236082886,0.7242078800192756
113792,0.8817417588981105,0.711120053623303
89152,0.8780793063984682,1.540596006408155
111744,0.8765310985232123,0.7078356559606992
48640,0.871940310903931,0.7723788519780879
122368,0.8705145263231054,0.9665373246430634
101312,0.8616307538196432,0.6098169054555206
76800,0.8574519892723319,1.2249646261128657
39424,0.8558919883987225,1.0289365370675425
47616,0.8553605693645504,1.0323501236561763
105088,0.8546195474233813,0.8117907306737357
103296,0.8529669771647697,0.760290998592235
87680,0.85017827230513,0.8407254376584276
102272,0.847690188720204,0.9202591874009747
105408,0.84677405316083,1.1181572555278265
102080,0.8461019602204337,0.6255788084565984
110208,0.8410182401019365,0.6795800459684218
126080,0.8407978283446073,0.8163373528044524
41472,0.8376070312274637,1.8454802432070885
55424,0.8341131414331989,1.0304577916804294
66560,0.8311554104836676,0.7260427755198424
75456,0.8225823511216582,0.5341091947085066
85120,0.8224963906048007,0.6226298879123949
101824,0.8120945361382719,0.6214539126870525
43456,0.8105162325544356,0.5328037702234355
106368,0.8098584013829955,0.619505648077092
115840,0.8087543279184479,0.4195288363197701
52352,0.8033350448857042,0.7571334054650154
96448,0.8032155736580594,0.7302546044995284
71680,0.8018434006599588,0.9025508928172091
42496,0.7999325191836077,0.6917522890251869
44544,0.7996175786726974,1.6317801764603515
58048,0.7990055906143602,0.43600896845420384
79808,0.7974241946776995,0.9141597320507144
76160,0.7965765394662737,0.8309140703906598
59904,0.7936675911232315,0.5531869179649994
54272,0.7922256200267566,1.030311042872006
123200,0.7880130832672748,0.5666387790915653
77760,0.7879281694171866,0.717366235852348
39104,0.7869393802302351,0.4909006838365277
122624,0.785951348862057,0.570113252033537
79552,0.7857586034088916,0.7309283860984354
87168,0.784030266053127,0.8961017443525148
109696,0.7837073940919237,0.30580929827588993
64512,0.7824074676180409,0.42171307274466663
96768,0.7809364695869436,0.7064960789286214
74432,0.7807372862667766,0.9378438711780567
97920,0.7791874936615907,0.9310060050683935
55168,0.7791144617697254,0.6974057336653727
76352,0.7752197307379858,0.521238404016841
80512,0.7735985507761597,0.36654494218103334
73664,0.772356013642552,0.5962833941043045
104640,0.7707688139005457,0.828909674332397
62464,0.7699969422446704,0.45958383087010724
62144,0.7684382110381605,0.8435274702959564
117696,0.7677519368647241,0.8469251368802767
75776,0.7672212501055493,1.1784074191419025
106816,0.7672130668499765,0.7841029380898322
97088,0.7654038079006042,0.720693869096408
107392,0.7643034986215501,0.6402677923044082
40128,0.7635633252638836,0.7448919529771333
42112,0.7625402291177557,0.3210489745161341
70656,0.7593871428051027,0.5221020748957506
91520,0.7593304317373268,0.7701301809747267
48128,0.7584420106334615,1.01584358205513
93568,0.7578809968841576,0.7213959044609375
47296,0.7570550961293008,0.43731586561418495
97024,0.7566375896883073,0.8365713212565168
94208,0.7559655303819215,0.6988474062831763
37376,0.7536295764729426,0.9126424942787403
111424,0.7529468248459638,0.6269247603504816
110144,0.7514454964783116,0.6502145792098316
89856,0.7504531490260421,0.776027879551018
113280,0.7494492330918487,0.6935160662033965
26112,0.7487792464117833,1.4041675939146079
113536,0.7486476723075831,0.5373277358715655
41088,0.7462750280699357,0.4650616157841151
102400,0.7461131379776614,0.7516475523352139
99136,0.741889593361931,0.6200272485471178
68608,0.7418687942918466,0.44277049320936646
123072,0.7409257006884201,0.8747136894476221
108480,0.7408677182508667,0.6875170963609166
100608,0.7407826753761532,0.7752257854486986
45248,0.7406831006518491,0.29852771462968164
42560,0.740156377635793,0.44117579895223674
102144,0.7386630732859403,0.6614351457228947
93696,0.7384669308195466,0.6036744346971568
81152,0.7380381667834849,0.35479345507500304
51712,0.7377260159611553,1.2800986392845735
111104,0.7373370839721283,0.4365372349774268
43136,0.7365334610054768,0.2600494471570032
67008,0.7363548257551609,0.649331198969451
126720,0.7353189664465616,0.7234422427116461
56320,0.7350153497784699,0.9032303833056968
72320,0.7349855993341919,0.7647973445330061
33984,0.7346130796897955,0.4304075252110773
110464,0.7339229961759516,0.4588843047608567
67776,0.7323051880482837,0.6332640415071144
101760,0.7318877136496735,0.7808206376251917
108800,0.7315317434617107,0.7147318799271197
111936,0.7310885155077937,0.37603619721801107
117184,0.7309208468264928,0.7397987627999073
115456,0.7308248673111132,0.7037011175439846
112128,0.7306972319089144,0.48820366045805846
125568,0.7305172587443303,0.7128620527797653
116608,0.7303756978783836,0.5002705877316612
65216,0.7295870768887683,0.4803954443330216
35968,0.7289302469779405,0.6854717213770143
76928,0.7257863309951678,0.5035487101082329
115712,0.7253980207551305,0.6434314599285051
99008,0.72537100097808,0.6560638493735951
127488,0.72482366790356,1.3779197762142266
45440,0.7246719039077375,0.3614698550522337
112832,0.7244134862774734,0.6325124053894424
62784,0.7227681726253865,0.3562300312607958
57024,0.7226688553155369,0.3738939872219143
82624,0.7219835355666355,0.6643724075861195
66112,0.7217618706620101,0.5342366492173084
77824,0.7214154829922143,0.6855275220041916
101376,0.7210689467591457,0.7990554274958074
107968,0.7210469080292617,0.580070314476017
80064,0.7203045718904382,0.5605525802155882
101568,0.7194582438089865,0.39456795229450514
64128,0.7192137587495017,0.6415793405686788
106112,0.7187666945863158,0.558222574967153
115328,0.7186914559311297,0.5937172322706971
52736,0.7182983671220847,0.6209930608804571
82496,0.7180960556830316,0.45518653891310196
101952,0.7171464124128015,0.632956987508565
80960,0.7163502557999394,0.7570643786261448
85696,0.7157389660357649,0.7575248040236029
99904,0.7136315437836506,0.5142578154961575
51648,0.7123796654680266,0.4597713819665746
104768,0.7108134429158447,0.5895636832072502
86656,0.7107961420255133,0.5192463553371609
80256,0.710618589471744,0.6651072364468403
95872,0.7103808630094561,0.5831375701766703
125696,0.7097974063945263,0.7137935905974532
98112,0.7096674634716114,0.6774087305685942
102656,0.7092732213526466,0.7443697939312278
28160,0.7090575721138707,0.31382622416587547
77248,0.7083560865407421,0.705307362651699
108864,0.7077292830874008,0.4222533222818707
96128,0.7073723173969181,0.6056990878240118
83904,0.7071288260517661,0.5112674303461608
83392,0.7068438640880115,0.610743272987999
50048,0.70654454680131,0.6297245573243077
54400,0.7062518640099169,0.5822525505808271
30848,0.7062125843282697,0.3675615195952502
77952,0.7059109342076014,0.6197789835102587
127680,0.705858224752551,0.6675091153138021
43200,0.7058058902302925,0.5002308968844982
102784,0.7057588189572085,0.5908944527388088
56832,0.7052535115238636,0.4163543669641023
78528,0.7051864720500448,0.5917046615507543
109824,0.7040178074690668,0.5927924348739947
63872,0.7024351746492508,0.7821223169851469
93376,0.700368925011395,0.3576500016440705
21760,0.7003063031294092,0.5114395074210041
120384,0.6992117673303829,1.0508159206042644
126208,0.6989494147609375,0.5666739747960827
104192,0.6986896348772739,0.6015630287536015
104704,0.6976460392619774,0.6390403352787135
72960,0.6974424426127285,0.6457240701663343
58880,0.6970226798459079,1.1924366463240712
99584,0.6968956231018748,0.6813180668317483
91456,0.6966248345731331,0.6492739136362077
57088,0.6958334738441265,0.49935259630879836
59968,0.695690331184563,0.21758448660413696
90560,0.6954365373952267,0.8375150260051842
57984,0.6952361531152489,0.6704841151943975
116992,0.695144139032849,0.6829075797906973
92800,0.6945853270044215,0.4831291963345849
105152,0.6939906327794558,0.5663041234323142
107776,0.6937860786646934,0.543010778804166
91328,0.6936575898867546,0.3188740385457263
129536,0.6929067658045125,0.7867792892527938
94464,0.691930031328893,0.7668830030640024
101184,0.6912524188421111,0.6418376137455797
97408,0.6912448217110065,0.48805226641849314
107648,0.6906134289573483,0.4032005076822825
97152,0.6898652814114503,0.6759641699449344
85312,0.6895202303533831,0.504963746833143
116096,0.6894418827736004,0.5071683396544248
21696,0.6892743233793553,0.2895439523284208
98944,0.6891727770995628,0.6609211833470054
35008,0.6884451378725854,0.5319718153178307
92032,0.6880385994878665,0.6270200663413975
100544,0.6871751222774358,0.5335703138129699
49280,0.6869066595583599,0.6245096986521121
102848,0.6863036125114679,0.8023113843987654
34304,0.6860204400653748,0.513683774326793
66624,0.6853960058265383,0.5704839879778186
68800,0.6849836197158778,0.40353451906017446
38400,0.6846364073752758,0.9901557214804327
41600,0.6844329099195844,0.4932136914979853
76864,0.6841647323067911,0.5575838040098996
111808,0.6841396538182565,0.9041026775026649
38528,0.6837925942684782,0.47302416155039073
45760,0.6834659337286736,0.51126393558707
64640,0.683381646423689,0.26451046995595173
97216,0.6822169918685916,0.6376407538976779
79680,0.6819082639502874,0.470485417943019
86144,0.6814602815443389,0.33858008342740203
110656,0.6812235827750237,0.7172911558714891
50304,0.6808404418078073,0.3401141547156215
98048,0.6808093751347807,0.6995271942467535
39936,0.6801840852729848,1.4828326695828715
71872,0.6788569618837302,0.3999348973715467
121152,0.6787906623533652,0.6052831515466521
94976,0.6777703691893922,0.6573258905828993
32896,0.6777474220350662,0.23163414091936582
103616,0.6761912859944533,0.6104611896895138
116928,0.6761368780432419,0.4770305992665487
117312,0.6759356855793487,0.5349657525432878
117632,0.6750561820812172,0.45622022543286167
94848,0.6741038046187021,0.5603495622267913
105920,0.6728317689164351,0.6106034623496637
73920,0.6726815158071476,0.23346703360305585
40448,0.672660813217438,0.6086333226690355
70016,0.6713537698246751,0.4983102582522316
86336,0.6704542044639237,0.5487361660978888
100672,0.6702712444562722,0.787082734234494
59648,0.6700884175862429,0.6397772941064978
82112,0.6700243141635825,0.4583871657853305
107200,0.6691739015547395,0.30411029906582276
83072,0.6684231478549443,0.478878612399257
65344,0.6681712131039809,0.5529653228248733
108736,0.6675769236719711,0.8958329188356613
108224,0.6673854422214784,0.3344132834541111
57472,0.6673727886067378,0.27202836548543763
75648,0.6671191249369649,0.46309083327824285
107328,0.6670908827225932,0.38313709446903715
78464,0.6664280110563556,0.5781466807461777
100096,0.6659820733667097,0.6399143966566789
88000,0.6656892434322713,0.48228249677976903
27648,0.6651495613106322,0.27550224831963976
117056,0.6649736553152448,0.4903441300260269
129728,0.664933972892553,0.6243824568098497
44864,0.6643351950693824,0.5019260100001853
108096,0.663978580301739,0.37664018203597444
78208,0.6636097552742461,0.5484725622035751
45696,0.6631254992078367,0.508635360714796
62720,0.6630362254095226,0.34577566534030824
72896,0.6625000070645682,0.4216208044875436
24192,0.6622572892833445,0.3572463106178587
116416,0.6614923637606516,0.5811203734143282
70528,0.6614691082090893,0.3502924978570062
122304,0.6614216145754765,0.6334456514951814
123584,0.6613735271471213,0.3936907691007679
34048,0.6609633772548853,0.5087605042574438
100480,0.6603758367661171,0.49063252896327303
78272,0.6603662198160292,0.6504155582155882
60544,0.6601516482577742,0.3371198498010946
83648,0.6600705985214753,0.4996923224351461
106688,0.6597843966263695,0.5387865610532064
74176,0.6596093222777152,0.4221713679654336
114368,0.6595177202708481,0.4634297362722352
112256,0.6592769051894456,0.49077253126552545
126784,0.6592613234257441,0.5194583049565477
118720,0.6584533347037518,0.5351871395979235
105792,0.6579973910235182,0.7112057406004871
91584,0.6574153863844222,0.6424630837270555
75584,0.6566469468788949,0.6097633188059921
77184,0.6559477186163204,0.6695196635288005
49728,0.6557114465824245,0.3826217561989823
121664,0.6555541567449861,0.5581685673994521
116480,0.6555057274367448,0.5072803373467357
117760,0.6553210504969534,0.2513977941639683
121792,0.6548821901253465,0.6371716062871751
88832,0.654721366769422,0.6136232364080022
99968,0.6540481988720274,0.24540520220410414
131008,0.6539039143483408,0.4912411629288008
109376,0.6529987954902733,0.45021048503689126
95424,0.6528893521201378,0.2838416426210591
42176,0.6526304346859587,0.27560875119081907
117440,0.6525919436092837,0.5890684717092253
104960,0.6522800630618839,0.3120415618230719
55616,0.6519855928130115,0.5496455177534948
64256,0.6513430697352116,0.4421722888794043
54592,0.6509318126601646,0.39183041716720063
98624,0.6508524601983593,0.566150849537411
69248,0.650664445172296,0.6305231241841532
110016,0.650461209068743,0.42746242918699073
119552,0.6504376282230808,0.5837042314531872
32448,0.6498876962306758,0.4773971735482364
122176,0.649770927714386,0.5017375284926252
101248,0.6495505800487944,0.6425136880952811
106048,0.6492905975304966,0.19296033454774567
42624,0.6492371743344448,0.2321888906543955
50432,0.6484625431337457,0.3481456588704896
99520,0.6483126617116028,0.5444821682580155
118528,0.6481837112242644,0.543818879809826
104832,0.6480722952333109,0.6161341433374895
110400,0.6476036903418373,0.49028515006936274
91264,0.6475901427771165,0.5991150981740384
107072,0.6475827513951906,0.6356815154719725
81344,0.6475735581634965,0.6853592906732362
22720,0.6474829425563934,0.28984036095301224
73344,0.6473268954030804,0.6657112698284725
83584,0.6472742057182754,0.7083114673403876
119744,0.647244221476555,0.49524643315519384
50624,0.6471934088415453,0.44618682150530375
100736,0.6471702904356972,0.6516968367920994
49344,0.6470628342221326,0.5452442775380578
104320,0.6470094712079427,0.49991504280961047
47680,0.6468876446842006,0.40846691376227595
29312,0.6468774541106003,0.5229573149878698
70272,0.6468773323453878,0.4817923901182346
47744,0.6462962869642249,0.3054169386919662
103936,0.6462746454172016,0.2525070104494157
89216,0.6453889785894222,0.5961175663208227
107904,0.6452084675628574,0.3902043023237942
74944,0.6446833812514137,0.22757876304390776
46912,0.6444909795907142,0.44567814568114905
61568,0.6441754184445179,0.30280820009216325
119040,0.6436041786736594,0.3512445495726807
16896,0.6432326514633385,0.2407358136489394
101888,0.6432316652470564,0.5344836394626375
109056,0.643154051307673,0.7832949014455582
118656,0.6424661407332484,0.43998510370299837
99648,0.6421822241107599,0.40588111051267184
51008,0.6421242151890988,0.5638628648689769
130176,0.6419393235086477,0.4562317317653086
81472,0.6418464189732523,0.47276862390390284
59520,0.6418393641938552,0.5999816018883434
44352,0.6417513014033035,0.4124640322119844
85824,0.64167734608771,0.4319068381975665
43520,0.6410894854591254,1.1361592099928652
65024,0.6409456500868299,0.7096250440499716
51968,0.6407530559789244,0.48552724921575185
82752,0.6403861245659999,0.5075311370018903
104384,0.640307719604221,0.41731502693877287
114048,0.6402203513323437,0.5000192857807731
92672,0.6398765747953198,0.4581862289403219
118080,0.6395191325362908,0.3138081902123458
106752,0.6392047065471599,0.42822032992602194
112576,0.639174081706653,0.6307791698450428
51904,0.6391375204536209,0.5276709747904127
64384,0.638944805831301,0.43206735502394034
127744,0.6387608404131334,0.45540502959022006
24064,0.6386345868094213,0.15453343063360936
83712,0.6386324594192483,0.5575087272479184
78144,0.6385869069809691,0.6193599171366699
53056,0.6383399021696282,0.4540256364398191
75072,0.6382763652190806,0.5197994579362
88768,0.637949967582373,0.6834974356885445
40960,0.6379492547265025,0.45307824660726076
34944,0.6379059274124732,0.20767381623311532
121344,0.637711329628057,0.20889345355276615
25408,0.637675810949349,0.5452929981384919
125056,0.637222780917459,0.4309050650690711
43648,0.6370941977982728,0.639232551291259
107136,0.6370151018114665,0.6179408657614655
113408,0.636956665080147,0.6584778403518712
115904,0.6366101505751031,0.2572321897926743
117952,0.6365590488287018,0.42988124356738583
116224,0.6364843883760474,0.7313278641224181
97536,0.6364186494404612,0.7418090077344778
121216,0.6361986723263169,0.48553351315882937
107264,0.6356553095594926,0.5078694936687245
89728,0.6353876445491955,0.4464627743445054
57920,0.6350430467884083,0.5757622024291489
20096,0.6348111549773932,0.21076794276576652
128192,0.6347287638844631,0.37433113755262387
118464,0.6342717469456391,0.5216138178995083
85504,0.6342056883707238,0.5356535320571993
51328,0.6340887142901188,0.6095882272494562
94400,0.6326639342674529,0.3695759737950921
91776,0.6324336573246485,0.6170072546109694
87808,0.6323425845946153,0.7092768050875461
90048,0.6315751079269798,0.4124486859870668
71552,0.6315463329717703,0.45941739711975443
90496,0.6311888723997646,0.4548526333374917
74112,0.6302577250911501,0.644989172655913
77568,0.6291618035585825,0.4727003864027503
56256,0.6290159293655363,0.4836900649490445
39808,0.6289810632583561,0.5825121129515768
92160,0.6289075052712375,0.5187218899825707
124544,0.6286375764525797,0.25576575414716446
117568,0.6285172597241865,0.5002780800029051
19712,0.6282576879804767,0.5574342714494226
27904,0.628183360412791,0.33822175945063554
108992,0.6281246082870466,0.4161031265334502
105664,0.6280415127247229,0.5461498261009408
43840,0.6278029793665328,0.4205834150291614
97792,0.6275241081903858,0.16499008497784357
85248,0.6273997920675944,0.5161085194829409
51840,0.6270164502789886,0.5250562964765139
109760,0.6269212935552655,0.39885361479075365
119168,0.6269071483256601,0.4639911002974909
33920,0.6268418993595947,0.4780788914977244
88256,0.6263637320264145,0.4751658549675848
110848,0.625942244216049,0.58250762332411
70400,0.6253446910959296,0.3796703009249107
110336,0.6251374197519123,0.4676870796496702
103104,0.6250539571117866,0.35956537406321787
109312,0.6249349952586285,0.39988601928689527
129216,0.6248616476127727,0.49614307459747437
76416,0.6246012090081515,0.3367571324953753
65984,0.6244929216076698,0.5939483921157489
100928,0.6242442300143562,0.3025812436995575
104896,0.6238856273433614,0.5779575539748945
89280,0.6237643585894436,0.6068478771277123
111360,0.6236827076604463,0.44281123271338274
40064,0.6236288915558478,0.2601093023008766
89792,0.6235739765833641,0.45514853965774205
91904,0.6235525242287898,0.6576987959172078
72384,0.6235049442086411,0.7696398940061494
98816,0.6231376249511725,0.35665790358737987
27776,0.6230631385725031,0.5036236947266913
45568,0.6230430607939061,1.3684252296224113
91200,0.6228659820456991,0.6501580803035228
130944,0.6225199723197097,0.3118203260139234
31360,0.6219901987014095,0.3608684932879373
112512,0.6216331313727806,0.5271812567606498
51392,0.6215521874466983,0.6015326212660634
49408,0.6214629637101244,0.40222308331734236
65472,0.6212066172321891,0.4706182616502938
105472,0.6211288604532309,0.4952906461986759
54912,0.6209279079570926,0.3024917772497177
121600,0.6209175696475785,0.42681622230112615
98688,0.6204543670038684,0.45836912339596464
96896,0.6204149335706174,0.5627156774313739
109952,0.6203456639835874,0.43854965572594096
103872,0.6201532360326497,0.40711978882711164
75392,0.6196633448809604,0.5722654729650228
114304,0.6196003837329255,0.36863292714645013
96576,0.6191742489801454,0.5788614523627823
52992,0.6188399954802528,0.5011283331952044
51584,0.6185663900549694,0.5391697098721967
72256,0.618185085165433,0.4381810885597685
45312,0.6177768722124752,0.4281395002943192
52416,0.6177387435639135,0.7764219843385581
53504,0.6176944628057434,0.3981595754663539
40768,0.6176756160004069,0.5341586075694678
45376,0.6175790984803632,0.3492213048020508
112320,0.6174779608035205,0.5163507249435537
124864,0.6174040883052823,0.3945776191846683
50240,0.6173073594116928,0.36669210569141303
130496,0.6172482809677788,0.3623510252909864
71168,0.6172403122311324,0.5885012118258642
108672,0.617209631328102,0.46684057074889995
101056,0.6166820637848839,0.44431835895036415
105984,0.6166697224142972,0.4288769068700779
103360,0.6165155212396503,0.6477802661810921
31680,0.616251281451571,0.363897127623901
54656,0.6161682672769204,0.4960505967028673
62272,0.6159338763923384,0.37526814739841524
107712,0.6155212576879714,0.32626409992529287
73536,0.615394593829583,0.35577238232859176
83840,0.6151568452084891,0.5426688950484796
111616,0.6150637446398697,0.4542345480404915
37888,0.6149229873909854,0.6885259210095901
61248,0.6144644570997563,0.28202624615593164
61952,0.6141711589383692,0.6749783731831207
55488,0.6140845793709585,0.5026784977602229
52608,0.6138251556084631,0.7064686438028149
46784,0.6137328442338118,0.24891214211000484
14336,0.6130453285220309,0.473767245218271
129920,0.6128503406069765,0.5351307948756003
102528,0.6126168397433757,0.25060872722044636
104128,0.6123983799528938,0.22626922289157542
125632,0.6121719099723139,0.4071860700478906
41152,0.6117447724494605,0.358293612141753
76480,0.6114516182531147,0.4656210468561128
117888,0.6113122384494004,0.3778774291308267
111296,0.6110547257941926,0.3963248257325138
102720,0.6106770105174232,0.319670113168956
85952,0.6104134094763481,0.4277585205423956
49792,0.6101719665183671,0.49721351023159194
23168,0.6100201583443521,0.32569922667631335
12288,0.6098750429418313,0.4538414667789734
67904,0.6095747379841612,0.4115948322507726
49984,0.6091557316103025,0.7537589697629499
48256,0.6091205580214496,0.49015855258424373
126592,0.6090579641587242,0.4962625499907226
108608,0.6090233974103882,0.3224874693579787
122560,0.6090144653750595,0.3700006614931459
79488,0.6089805981039768,0.4682806650724815
75904,0.6086991969686787,0.83882534832154
83520,0.6086128656860992,0.28679944596512874
68544,0.6085116523648401,0.45019779992140374
74880,0.6084894227349688,0.6022970231254653
98240,0.608111486591565,0.4398663921595789
125248,0.6072415006984304,0.527198021725841
50176,0.607233519278715,1.321996604829123
95232,0.6072222045069683,0.3630025711655395
34368,0.6071287966096712,0.15634898603773004
120448,0.6068829160420618,0.2934634382139026
101504,0.6067335977729321,0.34081174685189386
122688,0.6065246381419428,0.4399424686232017
89920,0.6064477847010873,0.33250728969531756
57152,0.6062166799570753,0.49246671657091734
116544,0.6053496483638557,0.40920540385482274
112768,0.605127516737307,0.19465214243221066
111232,0.6050837591194768,0.373177847250874
53440,0.604993640266585,0.2824036697130365
63616,0.6048344239167811,0.49129774652277197
126528,0.6047554178402021,0.29088769801620895
28608,0.6044610286547086,0.3041599525995516
34752,0.6042716974386849,0.37305214873720904
106304,0.6041925797968012,0.4181509180241576
91008,0.6041556017121025,0.480934215563395
73472,0.6039773549005464,0.35907159875727923
51456,0.6036856813166985,0.630421246759059
75520,0.6035238105075147,0.3022668282736141
107840,0.6034883798320955,0.5473923883974705
77696,0.6034063868454839,0.5612267873536598
130816,0.6029481743263816,0.373057401172121
129152,0.6029023750992424,0.19390727937833357
67392,0.6025343840202081,0.5929016901831528
79296,0.6023395829547399,0.6568112033211719
89984,0.6022730665586041,0.37895620190752577
99264,0.6021790093387127,0.5018848954008744
103168,0.6019622634581633,0.4054606144100892
31744,0.6017961035693012,0.5289453000310594
130240,0.6016671782304804,0.3920810444256238
96000,0.6015915196255139,0.4185702867162348
130624,0.6015602527124995,0.4282830017286537
49600,0.601254200207405,0.3734645498992226
103744,0.6012511184325635,0.5186869018721669
96704,0.6010798617519033,0.5129657939278717
29120,0.6009103383988983,0.20321338057585814
122432,0.6008887170231096,0.5214488884024049
32064,0.6007234297325998,0.32271898603893767
39488,0.6005724877908482,0.31387706514018643
45952,0.6005011650600232,0.38676489587798146
66816,0.6004356322022185,0.2979386318795632
25088,0.6000980259518682,0.2678255272374625
83264,0.5999869435062005,0.4447681644362591
68864,0.5998920533767731,0.43198064969818534
100288,0.5998446065989845,0.4677983718012752
129472,0.5998265767693601,0.4780891480145692
115520,0.5997617967125823,0.3858624690930733
21632,0.5996996820238184,0.36599704240909636
123328,0.5994651877347239,0.32028914522015395
124416,0.5993195772275082,0.6946426154159774
68096,0.5991959310785444,0.3004177496989899
88128,0.5987594952849317,0.33893307112002546
119680,0.5985569781268416,0.45849941523460763
51520,0.5984623991063526,0.4017190264348222
114624,0.598327083255232,0.6372952186259702
102592,0.5982279138975323,0.4952726152529855
83776,0.5981345725058771,0.4264088586173936
69312,0.5979901731544038,0.38441268518965116
59200,0.5978758431579161,0.33014170376828467
105600,0.5974523069390647,0.40201019024531076
114880,0.5974026137438019,0.3824997818229296
55744,0.5965739705835391,0.8425140284439783
113664,0.5962985555675788,0.22161607604054284
60480,0.5960912916457097,0.22499768838417666
68160,0.5958267193499781,0.32469147536959775
120512,0.5957797550953147,0.5176290315355154
60992,0.5954282375744727,0.372494262925094
61184,0.5953396384578148,0.27801111786565985
96512,0.594810719174383,0.5147234855694036
67520,0.594808823198279,0.5166431789978909
68224,0.5947475514724945,0.3441300390682829
95488,0.5945877090535421,0.5756466079183761
60224,0.5944035687387721,0.5082470810448124
106240,0.59413621217287,0.42565107872561125
27840,0.5932701653042232,0.42649805380791783
113344,0.5929231466432382,0.5237971692000892
75264,0.5928525443237601,0.6716984495195298
126144,0.5928261296941375,0.4508199311323767
58688,0.5923466950227789,0.5735519090100182
112192,0.5918936525544187,0.5479656394433786
91712,0.5916055395046828,0.5291117475728485
72000,0.5911336584438146,0.4012580091865813
107584,0.5907694922379594,0.7689691156347134
85440,0.5904688947122355,0.3957032382437855
86592,0.5903151259872322,0.30835665808486074
128896,0.590115530001161,0.5145961695642897
121984,0.5899743089718554,0.29816859032453097
111168,0.5898765779095813,0.4347294654723675
108928,0.5898728598558243,0.3773490349571271
123520,0.5897965065835233,0.5202944092773876
120576,0.5897305748632211,0.5036801665474203
110976,0.5894232617605781,0.2671650854591968
22656,0.5893314045970138,0.31089499625938605
129856,0.589303410669969,0.24698265962873184
60096,0.5892837679590069,0.4031036575862771
98560,0.5884618511913754,0.39461576869874804
47872,0.5879861616489859,0.3962931567488549
69120,0.5878311773952726,0.5919815310586443
29760,0.5871931224619162,0.2637005149094757
81664,0.5865349985420807,0.5363886979341514
83136,0.586473855295577,0.4488338037813406
72576,0.5863932046499422,0.4816183483911447
21440,0.5863194752563775,0.46068159722621993
101120,0.5861849106252655,0.5789398423529173
40000,0.5860484156703707,0.29314934372930646
83200,0.5860325766518206,0.41885506868705025
26240,0.5858525504401241,0.38684647869618155
118912,0.5856877917085269,0.16665031274231146
92416,0.5852487728551925,0.38219157437093887
46208,0.5849610508674626,0.49822077850830265
77376,0.5846201803663633,0.44261906715437443
46400,0.5836761473012773,0.3475194862770418
39872,0.5830327332409105,0.3669464856590989
129344,0.5825987661394886,0.2822074521344526
76736,0.5825836509796858,0.47744904756640744
63040,0.5821148860301162,0.45568272257006665
3072,0.5819430399778243,0.6176545169115835
101440,0.58077690888205,0.2793418950263182
106560,0.5805223891517403,0.6409392676122275
54976,0.5803337046998007,0.44056176081310083
74496,0.5800509155120082,0.4339683726210653
120256,0.5800289903431827,0.43814321787918675
87872,0.5797840984554625,0.7210464535298636
98176,0.5797749845622225,0.33269736537642897
54144,0.5796759536870718,0.3401030736962631
104064,0.5796653137507034,0.42584214620299243
101696,0.5796001873927716,0.46346196375479953
69184,0.5791228904974185,0.23028354830650438
86848,0.5790049208484273,0.6591605559301944
29184,0.5788853577567807,0.28928014140193525
57664,0.5788486323925289,0.481448667306044
34560,0.5788226666347529,0.3873821649874099
124224,0.5784680608191853,0.29389240293180907
67840,0.5782585858081463,0.4302061347196485
122048,0.5782492814601461,0.4215564242795433
86976,0.5777840000507535,0.3415185028669044
84928,0.5774749130409859,0.506860787251501
38784,0.5774173025727483,0.4196024681366819
122944,0.5771256971040224,0.30834455922596654
90752,0.5771113418789948,0.45240202379866845
54016,0.5767117328130308,0.37451295387227296
88448,0.5763938926693822,0.31824505788596347
78912,0.5760505301365834,0.5875903897186391
110528,0.5760283643538479,0.4495684046862794
24960,0.5755726525723609,0.4145014943886607
119104,0.5754435951532447,0.5154046248616744
85632,0.5751847915352786,0.40537139391545046
38912,0.5749978838934252,0.6529758109023089
123648,0.5749839002866548,0.29633959154502987
116672,0.5749618767156557,0.30360590950609345
45824,0.5748638368079226,0.5002384329186718
36224,0.5745724936035596,0.29170873619852355
18688,0.5744858718623865,0.2870501544013619
46848,0.5742838621102713,0.276783827387207
78016,0.5740347390366001,0.4283232502618237
62592,0.5737275049263038,0.16794109974610114
97472,0.5736191722318313,0.430146564011257
82240,0.5735743851559587,0.505967551396154
31872,0.5733526987002803,0.40143817910581714
92544,0.5730343130923976,0.5383651137571406
53952,0.5725326326419378,0.5124699031491247
120704,0.5725234530343778,0.3545686516844045
24448,0.5724291280657229,0.5208409979764871
103488,0.5723930389608348,0.5011213421539015
66048,0.5722568169343644,0.35040570446050767
44928,0.5721003440965265,0.47139110702262593
43584,0.572096277868816,0.42166131369017035
66240,0.571785682376867,0.22330272298213658
58112,0.5716950428936062,0.43103586641790353
44096,0.5716197409005903,0.4450966695011404
99456,0.5708457932886766,0.3796961374989239
9728,0.5707581507487243,0.5197731854512981
47552,0.5705922012467126,0.346495789715689
100992,0.5705603891132411,0.5257402774321405
103040,0.5703423936084376,0.4730404591933599
128128,0.5702152508011876,0.39831592471639365
48896,0.5696993028522833,0.40373732024890313
105344,0.5696687239095273,0.2845613843798384
68736,0.5695767411881062,0.452665515687233
67648,0.5695388125165618,0.545061744354294
93888,0.5694111227742081,0.4861554555370031
27328,0.5692621351518259,0.3201964453437252
97280,0.5691910155881598,0.23493590844817472
17408,0.5689759431733978,0.5432467136819448
48448,0.5689623843191561,0.5063102213624348
43392,0.5688612072321048,0.5964663214147801
124800,0.5686828477934316,0.4299610985008234
22016,0.5684050791882234,0.21578632857782312
93056,0.5683648818230628,0.36853471880508853
31552,0.567935654722036,0.49481635075867736
23616,0.5677988638698103,0.46265729279023016
54784,0.5676210978813853,0.4992392305244698
124608,0.5676180269230241,0.2600512991545307
95680,0.5673923885710285,0.49358285145183795
40896,0.5673134329921514,0.39992766817310427
27264,0.5672921498013245,0.3237091255540197
47424,0.5670331332532105,0.48520393287683083
106176,0.5666031839240734,0.3596452143818506
25536,0.566520292121125,0.3422243905080868
109184,0.5664641171584194,0.4624910160198701
124032,0.5664338050402541,0.323939488262263
107008,0.5658637972627875,0.33998910475502386
118400,0.5655930837369114,0.20357564865216024
52672,0.565564804057232,0.360064468935247
95936,0.5654887839629766,0.5171793950966651
95616,0.5652929733546133,0.4655001734731825
115136,0.5652749142763712,0.5392633877155777
86912,0.5652115548663595,0.1252226319752967
99776,0.5652043469484498,0.32273864902569116
52544,0.564863752274016,0.3992557298140112
113600,0.5644609417727877,0.47761063740778115
69504,0.5643533914514998,0.4165073500894208
99200,0.5643097455905275,0.38370094463171783
76288,0.564294289515864,0.2773503687842255
72832,0.5639096459170581,0.38351391340873625
77312,0.5637449062814092,0.39589551677907453
52800,0.5636677212574235,0.2591010695487927
33088,0.5633501080631362,0.27376897753375856
65856,0.5632846805093551,0.38253489239538824
89088,0.5628518655961622,0.49966802896638873
52480,0.5618226918417174,0.2691028166032807
48320,0.5616602073315003,0.40754630847198925
81280,0.5616103151199128,0.3544273935858557
25600,0.5615600089414534,0.09137865336300412
50368,0.5612551885762269,0.23902822199661686
93312,0.5612400896239522,0.25979995639783326
38144,0.5612015599011544,0.5178612542226956
123008,0.5608217495603873,0.19732772251639016
49920,0.5606052453849644,0.3672394964920746
98880,0.5604510726902265,0.3834636619296578
90432,0.5604455675643261,0.48658785868661925
102208,0.5603613754596743,0.3777106611338996
33600,0.560273982732753,0.3190479922160845
25216,0.5600910725344078,0.2899777586259972
72448,0.5600741508279631,0.2841413739836619
109120,0.5600554024550048,0.17952407152969282
42880,0.5598688615360771,0.530413720192309
125184,0.5598263144706155,0.5619965205906784
105536,0.5596376942570759,0.6669444281646728
59776,0.559303889368941,0.4264824159268812
120000,0.5591718365417278,0.4470273979570371
73728,0.5591697254894548,0.3610830629585041
102336,0.5590195940647894,0.4262917848477028
52160,0.5587819293500461,0.34648713528621466
42432,0.558555479524393,0.26940455398338636
38080,0.5582504764630933,0.3323143654012256
78592,0.557996074362657,0.4069503058525556
65536,0.5579905462482343,0.2229535597327361
99840,0.5577506229532659,0.4485758165980216
102912,0.5575345219208744,0.12076932638032617
37696,0.5574928212184983,0.44987861187500716
67136,0.5573832319004055,0.2569981417488882
29888,0.5571652266123751,0.461136607859705
24704,0.5571205828672066,0.4337463795200618
33728,0.5571022025176524,0.4013523541693763
86400,0.5569616085944689,0.5617964158284127
128256,0.5564849364942318,0.30137350129805607
41856,0.555669398996055,0.28076080084443333
37632,0.5555400411873537,0.2765058848529963
49536,0.5554376644513068,0.36159876552835485
14528,0.555131042346504,0.07058124251017717
67328,0.5547333854006781,0.4066802331931768
49664,0.5545730180464385,0.21928468414820917
56576,0.5544789215127066,0.24598306384267307
32960,0.5544203238894759,0.18699444177584598
113984,0.554374304899884,0.4908737842477983
129408,0.554071516386447,0.2590975321494513
69056,0.5538817825829914,0.4761942406107235
60032,0.5528318907737324,0.19816148756183594
74752,0.5526204104530109,0.497647537477837
111872,0.5522012649896946,0.4602630909774067
32000,0.551985189008562,0.34235585774813415
104256,0.5517427689006923,0.3478257397827578
88512,0.5517085859742956,0.4718458741928447
52928,0.5515188367395957,0.3671799908813452
47808,0.5514518735051614,0.3357932848904396
59264,0.5514413079254228,0.39194024254924514
83968,0.5512521429845543,0.38975935258749383
108160,0.5512143171993872,0.4190204083058205
124096,0.5512067785383168,0.23019959420414518
40576,0.5508631339514865,0.20480411896534156
51072,0.550798328999992,0.4534945457367638
80128,0.5507847324323151,0.43413373152413814
120320,0.5506303990546766,0.3764241594486207
115776,0.5505151074915899,0.4922265628758849
71040,0.5505005561769711,0.4989312040822999
38336,0.5504796496998385,0.4330968381583439
36288,0.5504511656381735,0.285371634946735
110272,0.5501452374774378,0.1839449676672343
31488,0.5500231113132754,0.4810419676087113
63360,0.5499840868585446,0.33731855907540964
91072,0.5492978773331983,0.4902881985554861
33792,0.549124570112804,0.17899593768018401
52032,0.5491124001539938,0.29719992813828333
55040,0.5487221789296873,0.4539061516401858
118848,0.5485336590965135,0.35083612345800114
60864,0.5484556107461283,0.46287488675414357
94912,0.5479116716205188,0.3397587349646528
79616,0.5474865249590187,0.4967990920527795
81536,0.5473894944975642,0.14644498337142423
113856,0.5472274419878465,0.47120147061349865
105280,0.5469404535321747,0.3057005281023765
127424,0.5468766229012454,0.24203595946678813
6656,0.546538366260092,0.3380498625646432
48000,0.5464554864795169,0.28555717254959617
78720,0.5462941334430086,0.4349205825951673
82304,0.5457242302530577,0.45518855145341364
58240,0.5455706144732558,0.2553357592846472
88704,0.5455557384493458,0.4764293155068052
104512,0.5452744664926616,0.6799860620111274
58304,0.5450881653867188,0.32452627241601345
64960,0.5450083951243678,0.6077349625830434
22912,0.5447141621289222,0.3057715357776144
41280,0.5445833710909398,0.3950244783022103
28096,0.544556529003276,0.3872087690074191
32128,0.5445054115792333,0.3623374278485668
76992,0.5443991127095562,0.6523894345410526
75328,0.5443498908592738,0.6549749932398937
54336,0.5442680546768988,0.38174794395997774
93824,0.5437069107617813,0.4739731112133221
73280,0.5435238726474773,0.5570284391876406
63104,0.5434548561782739,0.22610465316569917
80640,0.5433342950818685,0.39800562838011644
12736,0.5428813153989391,0.28817725499349844
26880,0.5426293227369245,0.24291831881543743
93760,0.5425849044990314,0.6412578577849735
59456,0.5423296371467023,0.5943209643290734
120128,0.5418820522601954,0.28342035860898773
27136,0.5417430534585727,0.7004000396898015
38016,0.5416272994056877,0.3732434166031563
90368,0.541532722464841,0.46113610100477664
35456,0.5414255957080496,0.4532166805243737
119808,0.5412919384134145,0.3683224398041128
64832,0.5411204577484758,0.47094027270826255
49216,0.5408802211753341,0.44064813178533935
97664,0.5408526430394159,0.3875647061184073
68032,0.5406705334473206,0.4531290251288919
50944,0.540654002049634,0.4601267336082351
82432,0.5399535607530719,0.4954552539324912
57536,0.5393143990917147,0.19214366615730225
79040,0.5392494135515198,0.47900886166752826
57728,0.539153869041606,0.4606912325752184
130752,0.5390969149171342,0.42051090039899897
84096,0.538918603971986,0.30037158951130055
118208,0.5388478643405118,0.290895651392089
77056,0.5387953388042289,0.48868436491175576
44608,0.5387126764633039,0.2996618412265657
97728,0.5386415209225918,0.4131089713883634
48512,0.5385325876369548,0.24779787779663912
77632,0.538457390005744,0.2996763966343746
58624,0.538306024307675,0.32585973773766064
116288,0.5382827261496335,0.4558357195628595
127104,0.5379857630513616,0.48445725781166893
128704,0.5374462304374545,0.15412699536107186
40704,0.537205058728697,0.43803964022828723
106880,0.5370123717373533,0.4655462370448311
23936,0.5365705756225461,0.3123250194013393
106624,0.5365705024065736,0.423212339295143
47232,0.5361901574374602,0.5080126866372534
35392,0.5360916045955172,0.3723591430933599
58176,0.5352864081930249,0.4546094627822257
42048,0.5352054489798692,0.4051347158104141
47360,0.5352053743870195,0.28328963491764086
77504,0.5348588280627307,0.3542571994858404
96640,0.5346264443837526,0.48795789339391177
15936,0.5345063886799737,0.5440381371616154
62336,0.5343864613602031,0.3447837661758364
36096,0.5339662414097709,0.3049737885500991
120640,0.5339132728359854,0.3305707473303951
71424,0.5337881905417051,0.296332966429765
16768,0.5334045351554806,0.26220561828061284
28352,0.5334033379994692,0.3716473564850979
48384,0.5332980690127541,0.35177236053266814
65920,0.5332897469150003,0.5678831883237555
93440,0.5332545000368936,0.4672847073160187
66368,0.5331853123274497,0.338741275030232
125888,0.5331808803484984,0.4435056317062499
23808,0.5330498340078031,0.34184879727850737
90240,0.5330046986296989,0.07934450136052595
27520,0.532667756699787,0.3641910720010598
14464,0.5325993069979975,0.1546352523238941
103232,0.5325535975335322,0.5071381661892186
46080,0.5322189932022009,0.8565035894346936
119488,0.532011696805167,0.30653016131034033
67968,0.5320057863644909,0.6496606300027673
46656,0.5319228156596316,0.4088814951908382
60928,0.5317497762986116,0.18188076280561338
53888,0.5316721952536677,0.3028061544848193
111040,0.5316295021457356,0.337620422708574
66496,0.5315785359936066,0.40625558830820063
101632,0.5314814599752588,0.26740381706256827
88640,0.5313645957302225,0.4013350242593067
114112,0.5310857113241225,0.4661145303875143
105856,0.5309626721129671,0.38969564625290415
27968,0.5308391221890683,0.30749497255926744
64768,0.5307240364491398,0.22283206746502363
39680,0.5305439547553159,0.35102235798501663
128640,0.5303238526174718,0.27897929045273856
17152,0.5301858859268544,0.33319673755956164
44800,0.5300635441049718,0.34548124831727156
61056,0.5297473130280285,0.3549017327420246
84864,0.5297435104216364,0.47383171088203063
78400,0.5294046074682711,0.46236076770716694
28544,0.5294025520421013,0.3022446165337448
41408,0.5293730980053879,0.4025776925958448
44416,0.5292606136061128,0.30222716468805294
24512,0.5291450265776565,0.3801415201494349
109888,0.5289467454100213,0.3415126550367786
124352,0.5286426697253216,0.2474413078688243
128512,0.5284400080856867,0.17534929857991338
87296,0.5283810895233423,0.5855783166644086
74688,0.5276160334123366,0.46883598280293387
44480,0.52730447756938,0.2566887145456216
119872,0.5270245175148076,0.3563991651705232
53824,0.5269358250424842,0.4140792067201845
55232,0.5265687131623201,0.27000687003024804
85888,0.5265390366614563,0.48552717935129625
42240,0.5264648174217604,0.3791269776013604
3584,0.5262048513415155,0.7262692694421328
51136,0.5261792054241109,0.37151422579386245
127232,0.526048038468721,0.22164597674650263
130880,0.525870104879849,0.25003935909505487
81792,0.5255132840797749,0.4150134939846318
56448,0.52550350838649,0.3611343283690573
28928,0.5247446947183431,0.2699503876680432
43904,0.5242820158277615,0.30674024125315175
57600,0.5235464571140066,0.271419590491594
67200,0.5234915845696169,0.3574885025451431
36352,0.5233415018008477,0.35260155921037256
128448,0.5227735978857786,0.3315951174549041
36480,0.5227569762434694,0.40916355774581686
115584,0.5225303011918427,0.4474289901468712
105728,0.5224469199419807,0.46617186139807626
30400,0.5223418949981538,0.1779943187055674
100800,0.5219869601972504,0.3150337308482369
115648,0.521931199633086,0.27769751776029333
128384,0.5218582539562455,0.36879182524676113
43328,0.5218491593300034,0.3243335237364227
17728,0.5218107504990209,0.2859982193034006
48192,0.5216864589558327,0.2522035788276834
87232,0.5214187317340757,0.26339367203564074
79104,0.5214148306270422,0.4054114199813668
54464,0.5210861185000035,0.19832708131256735
24832,0.520924237572779,0.2738967633888525
98496,0.5208248082192504,0.23730974383277406
17216,0.5207386733989736,0.31629503453513114
129088,0.5204451440188825,0.2986533324285348
62016,0.5201923269001906,0.2736075830690021
111680,0.5201045064570463,0.3567513166806016
62528,0.5200961184428916,0.27419641892143093
51264,0.5198416075274122,0.42252541455126674
50688,0.5195935572028343,0.38624331544698914
19584,0.5195502774641921,0.3719953833314116
127808,0.5194804168872357,0.2541391170889369
46016,0.5194101841436644,0.2918339598025493
78848,0.5193823974377513,0.2604292254548488
25024,0.5190877882290634,0.42568793084304585
86208,0.518867192487719,0.30581391335393976
61632,0.518709309635822,0.17324465322128557
73024,0.5184548858533818,0.4300515245308538
46720,0.5181912994491412,0.373459883596702
53120,0.5181676391735871,0.19798703296441747
128768,0.5176913160670525,0.19159212759463312
9216,0.51746445016796,0.32998850617780423
52288,0.5171552657373265,0.5034695867857308
45632,0.5167287586156585,0.37566094541522205
88896,0.5164042748105996,0.45931133106379396
24640,0.5162539736779771,0.41382734553539136
55104,0.5161968545991417,0.34255709967663556
121024,0.5158268047480605,0.4279922356930301
11392,0.5149144024665313,0.39097044219250104
90880,0.5148084239531366,0.7029698194236237
122112,0.5147330205592805,0.27014554055942686
119232,0.5146834632965127,0.5739451904265009
49024,0.5145279239752902,0.34781052828695463
17088,0.5144073570553468,0.20911012603735368
44736,0.514114216620594,0.341474095365699
65280,0.5140145304877373,0.3068445455761398
32384,0.5139726759871662,0.18634983678681688
57856,0.5136764916599343,0.2409448065814593
38272,0.5135863643316818,0.4423317804868444
35072,0.5134916744009876,0.3229008144748007
83328,0.5134076445553812,0.32176885428856794
40320,0.5128739084488402,0.30393461269009986
94080,0.5126051801840498,0.21462457373374402
127168,0.5125737436554346,0.34970315579005345
71296,0.5122936291764439,0.2869266501045468
41728,0.5116870255977234,0.22622573154622758
124672,0.5116147485149487,0.3712668036048206
88064,0.5114987912337705,0.24699532911056443
112064,0.511467995965605,0.3641898068417078
127616,0.5110486687243607,0.2559252633396039
114176,0.5110455895305018,0.3903791913719005
42688,0.5107998798637529,0.2689322827157632
118336,0.5107428041342292,0.1722588783259773
112896,0.5105282533389394,0.32021262840662534
20288,0.5104915560225263,0.26799760894270014
87360,0.5101147198638213,0.47637089457295967
44992,0.5099245672988874,0.3380367357626385
121088,0.5092691553592139,0.16951122346437866
115008,0.5090846211357288,0.3595601565725398
49472,0.5087730233770744,0.3247244320965311
130112,0.5087215088372434,0.344955846962185
109568,0.5086171259032607,0.4133982220729543
36608,0.5081959863007242,0.4010964693996528
97600,0.5079912455443508,0.6187994860130323
53568,0.5078723474011442,0.21617255486358433
48960,0.5075107397136801,0.2615222428115539
90944,0.5074065953389374,0.4956813181775341
102976,0.5073763755797747,0.26048577658245925
59008,0.5072428546644575,0.3218737556588303
76096,0.5067699320799048,0.47756988678261897
85568,0.5064441853734257,0.3233709624547976
126912,0.506043448367975,0.4672949365429405
97344,0.5056431327405096,0.4983646955437868
105024,0.5055982417083178,0.46792469393889924
55808,0.5055661437777534,0.3597418581292253
35328,0.5055416441761548,0.41951960810840816
124160,0.5054827726759459,0.2734910662751986
56384,0.5051506980058021,0.48817320300016925
17856,0.5050947711412799,0.35184729011488575
30208,0.5050776187300084,0.23830005068629134
109248,0.5040955182094636,0.39465611096639447
55936,0.5040279824560084,0.06687043176587108
95168,0.5037570316297388,0.46703256303957547
57408,0.5034562319718155,0.4054674327131798
57216,0.5033398605295806,0.3342385598523491
46336,0.5033152973343046,0.31324913764451323
116864,0.5027734509246645,0.38180885274657234
90816,0.5026857404027465,0.4673866068826602
22208,0.5026700748454953,0.21919048962757012
120768,0.5026506343446423,0.23935666247730333
38592,0.5018462322724229,0.2391900934885056
44160,0.501695016394998,0.3830737807319974
87488,0.5015473701585789,0.3234163826121172
28288,0.5015201897645343,0.3357496982543317
54848,0.5014160201309049,0.5481089174303602
30080,0.5013857183955154,0.18726535232383648
16448,0.5010723111638662,0.2767126958860787
66304,0.5009387551190019,0.1594620245100587
108352,0.500499612257729,0.28344009284618815
72128,0.5004229722691399,0.39483596039429203
59328,0.5004148009693323,0.2123631131197979
74560,0.5003567668459094,0.498863959474437
80896,0.5002736227358596,0.7152663298894119
24896,0.5000248455851476,0.3980335894770849
130304,0.4999524354365128,0.3038941644853472
45056,0.4998897664596031,0.4824269917045393
113024,0.49987803236846423,0.3923126864592684
76672,0.4997994164581002,0.6005759281042493
37120,0.4996851540771001,0.2665664504576802
113472,0.4992668137885164,0.42770099465579486
84480,0.49911901097821143,0.21208885658009657
81728,0.4984088363914877,0.3702831848704994
44672,0.49829565593022757,0.2850178373129943
89344,0.49779982823760305,0.3105734947267953
27200,0.4976424730643411,0.16776447741556155
43072,0.497217547273164,0.36992612224336324
46464,0.4972095649436038,0.320728845112322
28672,0.49719300810880107,0.2292339985000611
75008,0.4970632162951705,0.32860531770946794
121920,0.4969174704925424,0.41330114844357396
13696,0.4969120143661237,0.37037907013777704
43712,0.49666788619985563,0.30484711361191114
87040,0.4962682918082702,0.71360456647622
78976,0.49573973348268746,0.3550185679764928
90304,0.49573634146418566,0.5068132478321989
56704,0.49569911578069537,0.5083953347776515
117376,0.49554356993286947,0.32837711040811113
37760,0.49539465446239334,0.38814736886489964
5696,0.4952687342341921,0.2572902559385888
110592,0.4947991674799634,0.11801470612342549
31168,0.4945450760435898,0.2968964973784156
59136,0.4943599175607735,0.2888298667366189
94592,0.49361117377098124,0.4645569398345009
31616,0.4934227588567561,0.2541244077471889
90176,0.49324546623788496,0.44599952030797196
67456,0.49313010730348644,0.49551075516561
108416,0.49309930909391086,0.3911120718848088
61760,0.4929684987964008,0.2544988062936067
126976,0.49296634616484025,0.2476147400765327
84288,0.49283212718670993,0.33790889808954305
104576,0.4924395244600813,0.3211068803765772
43008,0.49241913811373883,0.37892950883358184
14080,0.49188228706475556,0.2612393270422409
111488,0.49164710484522267,0.33150203869769956
113152,0.4914584258304619,0.25654366403266815
94336,0.49145700652643054,0.385341692095976
81856,0.4906260097037859,0.38547420320789816
92288,0.4905660840205511,0.283797749580232
123968,0.49037180665850455,0.31830094721160296
5312,0.4902688873330005,0.28858131970540973
92480,0.48975795727356164,0.3899924732933709
122816,0.4892545856901905,0.45978786285263396
127296,0.48828069221726933,0.28175137376918774
13184,0.4881722747433557,0.28962496175573244
19776,0.48790567278173097,0.327889201289575
68928,0.4878581118513805,0.30311558864263183
116352,0.48777790697799084,0.25077206910550254
66880,0.4875743303763934,0.374661256722277
68352,0.487518969421929,0.3465702799495353
24384,0.4875075324672271,0.37554894790812976
73792,0.4872359855248776,0.36094458909148985
30976,0.48720315114104573,0.3670077886812822
100864,0.48633837934088947,0.18619770069177977
75200,0.48621063414272137,0.2963527291431201
42752,0.4861680832987443,0.37147525897108347
95360,0.48611806203793456,0.3844399490061337
14144,0.4859661035024499,0.23421162864692277
72640,0.4858041315791963,0.3066444335078698
58752,0.4854667501554074,0.28107877368635925
126272,0.48509208391618336,0.32790609091850426
69376,0.48506458991453005,0.3687690802026227
74048,0.4847522886623524,0.3856568800026032
71616,0.4845037342909313,0.3840569156510444
125760,0.48445741142172727,0.24843129291894867
29696,0.4842608882127245,0.2864628233655499
31104,0.4836718098470309,0.26665421027787495
73408,0.4836690385701654,0.4233765587128852
26688,0.48350525987461984,0.35719114868979474
96960,0.4831068921869267,0.2997275186937196
20992,0.48293899042373956,0.29917068119900114
37824,0.4827193770377978,0.4472694693464962
117248,0.48264777113334345,0.4640942683294731
79232,0.48242125846426664,0.36997190717814443
125120,0.48148891314325454,0.20658356676992534
75136,0.48138886112910256,0.43668272921039286
74816,0.4813481570604076,0.34362938317964226
72512,0.48133733647628396,0.4038221605340945
27584,0.480881900453011,0.20643903545506503
54080,0.4808605723868697,0.21337906708686497
53376,0.480790717977936,0.2638254386752539
29440,0.4800075492492263,0.31402655227014104
93248,0.4795991413186909,0.4771982425053408
122496,0.47952603337952465,0.2501528418137575
75968,0.4794797478515137,0.2751635533762188
62080,0.47942834764554226,0.12951814797454259
31936,0.47929899103142115,0.1897811173518593
95808,0.4791262263035375,0.48061387578227294
112000,0.4790663137790434,0.262976834047374
124736,0.4790252186136922,0.25903933682565433
2048,0.4790054822427953,0.15071184676169244
17792,0.47898984101549413,0.2767910382446547
95296,0.478323131287548,0.482421855904714
16704,0.4782811670793606,0.3384486799827091
96832,0.4779810061016108,0.3444618544863281
65728,0.4778440327395506,0.3033588467142489
88576,0.47782203011583146,0.35796344727115825
59072,0.4776548903719552,0.2905144853004296
18304,0.47764232557533626,0.34959910401509203
76544,0.47743289810684386,0.411266546330016
36032,0.4771389286666267,0.2938069673371788
19328,0.477115010083696,0.23372192007499806
26176,0.477088317018301,0.22711086042142462
34880,0.47684312251895306,0.1632080656370594
103808,0.47644466827504006,0.2831523462666362
35200,0.4755506828731208,0.3603453414662834
104000,0.4753709669080332,0.32014821640074254
118144,0.47496129734969145,0.2843298731292902
34432,0.47489821286218203,0.322634652472095
23552,0.47473245473752373,0.125922577766354
114944,0.47424496615212364,0.23664073998648827
125824,0.47396089989337553,0.2888064936183409
89664,0.473840360191584,0.39076227167218136
95104,0.4736833736360665,0.46993957363092925
118272,0.47364599026955023,0.38674794751811686
66752,0.4735004734902696,0.3604917421804106
79360,0.4732605695843698,0.4524061222237805
13312,0.47321834713952765,0.3539799973388914
44224,0.4723636855868839,0.2844794279737988
76032,0.47186697247635445,0.32638457644199187
119360,0.4713281803332367,0.5110964381617789
115392,0.47105796093713004,0.23248848299655964
100032,0.47077917422955917,0.43078430182736754
2176,0.47031568181649364,0.10368377343415633
70144,0.4703069934743091,0.08331826687316136
34240,0.4701499509458119,0.3457979320831923
21504,0.46979892689076175,0.15445526477918775
79936,0.4697446063852614,0.41954806045440707
67072,0.4694405570689411,0.15362392980263065
73216,0.46939034588120127,0.1964342511516578
99712,0.46936671186718915,0.3180425891926683
45120,0.46935587131052986,0.3474111196585929
90624,0.4690801235532208,0.2733887452062332
14720,0.46870363889284383,0.22910921083662
19840,0.46859376311609197,0.25889232787663224
39744,0.4685623299396897,0.38479855881277053
22400,0.46852192771134293,0.2516055111504465
56192,0.46817922065397016,0.4138080436323625
57280,0.4679845103699185,0.2645995134244261
53184,0.4677130430048078,0.35889526336748245
117504,0.46767153750197593,0.22373361357355828
125440,0.4671956193544439,0.5277108694984622
130688,0.4670966793784835,0.27838300183418635
123840,0.4670482358234515,0.21160415120885798
109440,0.46560910431929364,0.28632847408905326
83456,0.4645460749223025,0.18727613783587937
117120,0.4643612815536984,0.29823459573964095
81984,0.4643601033312265,0.535910855841674
96320,0.463638172049071,0.4505354085908217
129984,0.463595976331353,0.21330759166250848
58496,0.46350641476486937,0.2402048745554433
64896,0.4627550585805361,0.3386048186627623
126400,0.46243893723888724,0.2966881919130593
20928,0.4621608197597815,0.29747899057396915
72768,0.46195303161187684,0.5954639926442891
37568,0.4619153154975992,0.2559683639386453
21568,0.4617132024171968,0.07481635710232681
35520,0.46171060120785673,0.24443304996981866
9536,0.4616908437918945,0.27582531471642924
64192,0.4616759604122367,0.4368052230498263
58944,0.46155470461647913,0.18810240710819548
128576,0.46152028421684493,0.2552264204360134
99328,0.4605084423456039,0.4325741271148673
26752,0.46043747850734873,0.08683953676270526
73600,0.46005088635962843,0.3122871317000738
124480,0.45991824365815354,0.1646852416293526
23232,0.4599164320352131,0.29990360483874606
33536,0.4598361768346666,0.2865541877972304
65600,0.45975595170675687,0.29395606664702184
28032,0.45961674057294777,0.3617351454060489
30912,0.45960264951315977,0.18131822200364195
112448,0.45945866852993217,0.3647710763325432
126656,0.459378888185734,0.34704906320758905
119936,0.4591451917171966,0.24967531321548816
6016,0.45912855105422423,0.24432283675115557
23424,0.4589936299062648,0.2682294061554008
24320,0.458586482183163,0.23296768243256763
88384,0.45848107417204,0.4417697861529681
44032,0.45832052963232606,0.37549515718031773
23744,0.45778741171755416,0.20514303158253872
5632,0.45761315249511164,0.4547218651936985
45888,0.4576042963910523,0.34733892535167793
62912,0.4574413143218738,0.23690617027987673
46272,0.4573300837226395,0.250322376329141
22464,0.45661495152562614,0.2826148601027677
120896,0.45618227301839703,0.3007394471767803
49856,0.45617935336185106,0.1643104320400374
63296,0.4561280245522064,0.4018101008290908
41920,0.45609152009493015,0.33026497204393834
79424,0.4560203384914807,0.3408164676654214
115264,0.4559997735323939,0.3338494157457526
39232,0.455728456664223,0.3364750189005926
28480,0.45562898892630427,0.26742236020350835
115968,0.4556094640721464,0.3611357511255555
4608,0.4547887175783568,0.5204626733674452
76224,0.4546104421537929,0.41229634031273366
40192,0.4540952943625297,0.3074529099733969
20608,0.45356937717553975,0.18522914788752218
114240,0.4531389624061147,0.30198327798213137
55552,0.45252980516779223,0.3806627735706443
80768,0.45241712851215427,0.38343820748833457
103552,0.4522600449983573,0.3025696653384765
42368,0.45195416292495383,0.20265637178220713
56512,0.45169334405915884,0.2518131440131539
60800,0.4516679125165804,0.08924124456986472
81408,0.45124350678155273,0.7724896005149183
118976,0.45123201734994095,0.32786811380518566
41664,0.4512069196915534,0.2725468726297344
128320,0.45118456563481846,0.19921348563212976
46976,0.45074775634374437,0.3212310611831886
18624,0.45033950857292676,0.19424747600100756
109632,0.4502581882832364,0.33736771950265626
16384,0.44996372115467675,0.4104090972594707
121728,0.44982033910047614,0.20674133554026852
57792,0.44970377039849785,0.2836216861394788
47936,0.4493532274916958,0.20700626835219893
12224,0.4489362305045036,0.275569159361987
36160,0.44885702285667123,0.3213201614818615
124992,0.4486064469171822,0.21763874786791654
35712,0.4485697503458449,0.3339235703383769
16640,0.4473742342668266,0.2941806856583997
16128,0.447241491519034,0.292171376283397
99072,0.44708689426643067,0.13112953808384264
130368,0.44702254100365835,0.13957366096038
129792,0.44690977534946974,0.20746225487777317
63680,0.4467961291226778,0.2903876452291636
41792,0.4467596102364618,0.27441771237280954
2112,0.4464363035360475,0.12481952106959956
49088,0.44589219710408734,0.2264287984736385
52864,0.44560918748372397,0.22599036192712832
75840,0.445425225737411,0.21518211748004726
129600,0.445152742877813,0.32058426005218016
12480,0.444694213387607,0.10168319617117752
21312,0.4444907039715208,0.24073602947895903
17984,0.4444843786304149,0.2562876952503087
82880,0.4444789630432704,0.33624728973401535
77888,0.44417911150963324,0.6746621131593218
22848,0.4440726322628492,0.2982927138511593
69760,0.44398259413381713,0.3190749886274004
41216,0.44387773740875974,0.3428344056996205
81216,0.44383623114534143,0.3073810202919805
21120,0.4436932432136374,0.20621724650318304
30784,0.4436186360181077,0.30939397440368904
43968,0.4430578438349674,0.19832187796236964
69440,0.4428615852417465,0.34137165170619815
33856,0.442748498941128,0.41857557740872503
47104,0.4420793123687065,0.19944759867189057
32256,0.44166545876202823,0.36262696827919044
12928,0.44118499101881786,0.2080155544514762
15680,0.4405031150562258,0.173499114256019
16192,0.4404505205808636,0.18870016723940647
98752,0.44037609608398587,0.20681941970451925
64576,0.4402877152605551,0.1656247976820659
38976,0.44014713041724346,0.3894596625109824
10624,0.44000569445511617,0.2376443225395144
35264,0.43939270960700577,0.30086297431638326
64064,0.4387588236787776,0.10797909518582717
19264,0.4383767078039542,0.2900543276865342
123456,0.4383312580393488,0.2363804730547007
70912,0.43820259038318854,0.18809743535942408
60352,0.43818222434476833,0.1882922499763197
87424,0.43734614354932566,0.309433392890374
118592,0.4368077724648406,0.26731504427053493
15232,0.4367758870964257,0.21415184737631673
96384,0.4365858956099108,0.2408796124018555
62400,0.4363838952162708,0.2510183801532536
1536,0.43563184367117463,0.3806189080220372
61376,0.4352934571108998,0.2258040565700628
51776,0.43504197741054623,0.3929716953527887
69632,0.43448516712283913,0.1340251937443848
48064,0.43446842572634137,0.21560860599066775
110912,0.43378591517161713,0.25142163908282406
80320,0.4337659161751563,0.2277770191946857
55680,0.4323717274544893,0.20516536026044635
25472,0.4321082874482236,0.3013310460174234
119424,0.43207331830392,0.26212166655405233
17536,0.4319057892967576,0.28675666504878994
16832,0.43146858295615953,0.3355973948589396
49152,0.43136609063123676,0.2355819136856386
78080,0.43110115568303237,0.13427202357582554
46144,0.43083906972615366,0.32650860893625616
93184,0.4305765733810897,0.29783383774415695
94272,0.4298260739135409,0.3971564077531182
24256,0.42963158287057085,0.14959366195995039
20160,0.4293900623483358,0.2461773485529177
16576,0.4291956746591851,0.18146314469549044
129664,0.42876798176665387,0.2325281963112298
25152,0.42876529627777427,0.34319819938541196
68672,0.42873912370833805,0.24603838633299857
9792,0.428351817683402,0.06547271083687234
41024,0.4283339582943951,0.217043066644026
24000,0.4282691294700629,0.29701200460593236
27072,0.42825992793675804,0.19299259970480806
53312,0.4278271839345466,0.23865236641862442
27712,0.4277664598553303,0.3216499864938851
82368,0.4274994952284986,0.2775306539204051
98368,0.42743399038372126,0.20892480633736096
5120,0.42738769693874396,0.39687228994510665
36672,0.4262861988280183,0.25836613610944636
111552,0.4262759596717764,0.2371398345567212
97984,0.42582299922129396,0.11266495194435541
1728,0.4257918470272563,0.14492869768113703
23040,0.4257834333247709,0.3018652078270885
109504,0.42566547919069553,0.1221206146959083
36864,0.42525896578777583,0.11843442180967297
33344,0.42503992839898835,0.10282091705691726
12672,0.424927711444393,0.2592156703739642
23104,0.42486843765596033,0.27560508742753115
124928,0.4246624564958968,0.27715722186586184
3904,0.42465386710780473,0.1892786952340554
92864,0.4246161278141453,0.3587469490221969
26432,0.4237750324164568,0.2583890984291046
42816,0.42359246345757323,0.2897502665793778
25984,0.423418916902162,0.19209458094858467
28416,0.4230097405605732,0.21580157908205333
48576,0.4228828134647722,0.26285303011035727
128960,0.4222272152964311,0.3304120398127315
84672,0.4221239798012713,0.3218725271271954
130048,0.4210826159590659,0.35473404642147305
123712,0.4210290579741961,0.24130510754880902
120960,0.4206424684843556,0.03924335747283145
29376,0.4206007233750294,0.255357694433663
112960,0.420265103139686,0.24354584079676628
121472,0.42011192584706214,0.1563845946788349
90112,0.4200191639867919,0.07364633958714194
116800,0.41997699259544413,0.22795957696755356
58560,0.4199617160774627,0.20108968286235077
82048,0.4199474330756983,0.38282310279467796
6336,0.4196656265244762,0.08032777583659557
82944,0.4195268294209115,0.2419631730566081
60736,0.4192660448462523,0.1914440061254553
20224,0.4190950704866991,0.32731782395645453
31232,0.4190920757231948,0.21278050896066766
62656,0.41868247877299286,0.033523149737960216
113088,0.4182868053881249,0.1450922678933749
36736,0.4182027487387246,0.26160473489287
5440,0.4176425671614135,0.1647973742845686
37312,0.4176387833391666,0.14207774489534702
40256,0.417463717368242,0.2967589676307356
2496,0.4172947376780973,0.30875413346626446
11712,0.41727592360043203,0.20953614589279448
21056,0.41694955416565316,0.03568488714453094
32192,0.41648240455349045,0.22065445242146794
19200,0.41619828949754467,0.24927652684052046
127360,0.4161653957792977,0.1358678326312345
45184,0.41589487851465323,0.2207332335333002
38848,0.41589369445329827,0.236503367839982
114688,0.415444400364567,0.35244282073930633
119616,0.4154057018352005,0.29508530721637494
72192,0.41496552167076367,0.3617931542053644
91392,0.41475513159087796,0.340168899788303
17024,0.4144176178535822,0.17514375644315516
25344,0.41440043145045685,0.3053017104976322
127936,0.41406172378426404,0.20561169847643174
93952,0.4139815321734595,0.24391452807952915
62208,0.41393994836247655,0.1959911516421222
110720,0.41326828216039785,0.3187156884739496
19136,0.4132646772132026,0.19054244945130236
50560,0.4132381896105652,0.12992941015033863
70208,0.41322165470470484,0.37417488232011825
19968,0.4126390804692167,0.2044899000921341
38208,0.4125697377564238,0.3298766135025896
29056,0.4123644654628317,0.3305518954835346
67584,0.4123394593558076,0.30757256716814535
33280,0.4118603494032092,0.31713648544313083
61696,0.4118422025264468,0.22400358179094562
31040,0.41175107030986274,0.13332803353474454
112640,0.4112522645507042,0.4508860525167226
63744,0.41069556703126886,0.18854512883418312
20864,0.4106335693245798,0.3012236482829791
18816,0.41057202739305315,0.27672450780078667
18560,0.41011745434224756,0.32008803108170925
83008,0.4100288690169208,0.19280445443757757
29952,0.4099373870490439,0.22645999665114924
126848,0.4096801717708819,0.27412134342793626
18752,0.40954255431159015,0.24411210232854125
55360,0.40953240942895675,0.33357695484858674
13888,0.4093830363973786,0.2783005290876582
48768,0.4092878941362607,0.26606645992858163
19072,0.4091754824241445,0.29632207034167674
65088,0.408991419625703,0.37021283413177775
26048,0.40862675469302123,0.2601638728525198
85760,0.4083744538909872,0.31246817768033536
34624,0.4082528217064984,0.21502835088399197
110080,0.40815256162804936,0.3105868038239865
113216,0.4080780707868618,0.3097255386022926
45504,0.40796562437164036,0.4092236096287708
88192,0.40768122946985996,0.21188939790487502
63232,0.4061369029139585,0.2357512400246492
123136,0.4061212025922,0.19577256643315571
50752,0.4056702591252225,0.405887549454559
125312,0.40550155219277906,0.14621800263322327
69696,0.4051906896400931,0.41244948728808845
8384,0.404736462202891,0.061671023505851075
6784,0.40469585640635675,0.0520620756972355
14016,0.4043313765878156,0.08946997110161317
28992,0.40411023305067,0.2408733057802981
23360,0.4039097560372953,0.16246405784586812
15104,0.40357439052630384,0.21741740254543515
17664,0.4035681587395712,0.2021063314964803
53632,0.403397913830605,0.2732973108674022
19904,0.4031031576565548,0.29512186818978753
23488,0.4027128204889278,0.21684711647468893
21184,0.4026837193177505,0.2287367662173593
5760,0.40263381966532513,0.11289321848358785
119296,0.40226337095904807,0.10746393489574121
128832,0.40195084478111726,0.26813182411447506
120192,0.4016382930566579,0.271368232657554
13952,0.40155353226505275,0.22200611160570563
113728,0.40122639406422117,0.38535658722563704
94528,0.4003985896004068,0.23977487540602482
22592,0.3998530398127359,0.31854104755943685
94144,0.3993455795459923,0.3558206691018504
13760,0.3992961796575533,0.25738238854372736
44288,0.39900178926970525,0.22969514221085907
73984,0.39881575309117856,0.17333974877016173
40384,0.3979554371606294,0.21475180457152782
127552,0.3978889410545188,0.2728260353128166
92608,0.39717971374000316,0.23446328182341347
60672,0.39617813984336414,0.22417401309065685
126016,0.396108618794247,0.32480705334759324
27456,0.3953889943286792,0.28393322495729456
25728,0.3949028428223275,0.025955058958322997
32640,0.39486905867385746,0.2322330095027171
11904,0.3945817396835574,0.13470231375233654
13376,0.3945321030082497,0.28692376805120723
6912,0.39443734233934535,0.27566243653654254
19392,0.3941595178754953,0.27757446011781806
13120,0.39386387615646834,0.2341170306035049
25792,0.39383173995324977,0.2247706274371038
31424,0.39356800605721315,0.11948989049225524
30016,0.39341836852444045,0.17602945219526686
122240,0.39337195779935613,0.11202592314278488
20416,0.3933540575833006,0.27524995521729656
58816,0.392963729804593,0.31082698843530804
23872,0.3928253055194683,0.29712210081678425
19008,0.39269264553984545,0.26909982487436396
25280,0.3923366949688002,0.15278916340487442
53696,0.3923162588284792,0.31898330417215187
47040,0.39214864642839564,0.17954516395053371
21376,0.39180803855712837,0.20792003332379058
29632,0.3917220565350159,0.20159800225340838
13440,0.39170719236369805,0.14574840166813854
96064,0.3915977529164571,0.24164391402247418
86720,0.3915863052485804,0.15654575147708177
124288,0.3913824057558801,0.2786130594834146
5248,0.3910983408330585,0.04881259161773521
4352,0.3910890835752174,0.1432887890099075
65408,0.390934154254151,0.29992710989849786
18112,0.390863233555949,0.13350311240544593
89472,0.39048975083919574,0.30466883885724494
46592,0.39023211019103127,0.1304950599983506
50112,0.3902084290541167,0.17909240616455196
82688,0.38994584553979417,0.24607572443423453
86464,0.38952698794601515,0.26814928381527087
121408,0.3893176154876249,0.04706377145548045
11520,0.38915873353879427,0.2708855026529218
78336,0.3886037097666513,0.056670612511824835
81024,0.3875800618231978,0.09151638035253479
68416,0.38731918694646067,0.20409312913490657
1088,0.38723439491702166,0.1305652967353275
126336,0.3869441873894961,0.16189950980285364
39616,0.3862306257613736,0.3072914303601613
89024,0.38621796390437374,0.18919804963542822
130432,0.38568624071860036,0.19017289172673024
79168,0.3856516940928505,0.36759247512675997
104448,0.3852014798901708,0.3007738660706548
19648,0.3851647918533289,0.26514084238666147
22976,0.3847774860554911,0.2093865036370168
93632,0.38453888735359465,0.26808725600951616
100416,0.38449812438892234,0.15800086833320692
40512,0.3843956095564853,0.34513823182682174
113920,0.3843393108959358,0.2311541954873562
12416,0.38397902303063297,0.12733686807453815
19456,0.3839336999649848,0.05967614879253164
98304,0.3839306320168604,0.17922797511438807
91840,0.3838740663902135,0.08050690624602999
16064,0.3834601337820352,0.15753064254673793
64704,0.3832847250628729,0.05178547361571582
39040,0.38214018579294495,0.3011259020206343
18496,0.3815536848355521,0.26268278666091416
27008,0.38149906048315924,0.23362084381962206
33664,0.3812112975453163,0.2084527776462269
54208,0.38105121761386984,0.26183485927773836
41344,0.38081614666428437,0.26321836544881744
40640,0.38027800975394127,0.35789248850082905
39552,0.3798504300141342,0.25673648229306206
47168,0.3790432762011685,0.31236591069272074
75712,0.37888650309498473,0.12104566787103367
71808,0.3787793456800323,0.35220665041989957
123264,0.3786391397661114,0.17311226718636524
79872,0.3780781382503201,0.2642394918767016
20800,0.37801693425911237,0.21430346275745774
130560,0.3772567612642299,0.16262698668174472
81920,0.3771243765895465,0.19469897238160302
15360,0.37648392609238635,0.332369576255944
129280,0.3760524221580401,0.09348766634181979
88320,0.37566250133635026,0.18910839968830362
32768,0.37545467524492165,0.04254192769747817
123776,0.3752845496187356,0.22059997383999044
12992,0.3752332180384306,0.17800789443902945
37440,0.37444416742748154,0.14954933149435473
28864,0.374443583275334,0.1677336413442124
12160,0.3742546797446309,0.2296173880394901
117824,0.3734414474544683,0.29498925631954165
28800,0.37294638225927224,0.2552386003392293
82560,0.3727952305653504,0.19062631735448296
20736,0.3724793382937882,0.23134976248665673
33408,0.37196155592417296,0.18544094721760848
37504,0.3717645967058313,0.1803048121320922
17472,0.3710263937667316,0.20818307999938054
65664,0.37102563696814345,0.03977753265840803
89408,0.3709382460002972,0.16115881706645785
41536,0.37007453420918296,0.24063537336431848
3712,0.36961183893037725,0.10318605900522748
36416,0.3695581046357006,0.22281094531221254
42944,0.36952197641557727,0.21650477785001251
70336,0.3687788449735762,0.056391673510226205
2624,0.36857457596245774,0.2473681689870838
50496,0.3682616330288607,0.16608572177558342
30272,0.3675155796648864,0.0873356293191999
84160,0.36750504642009896,0.1259680308435901
2432,0.3673747634702565,0.17443249734866012
126464,0.3669890353786884,0.21210875893261585
33152,0.36687852673655763,0.1650622976543851
38720,0.36662994212783495,0.29703735641304785
85184,0.36573314440885824,0.18426612517726984
20480,0.36572419400943634,0.006490463413867334
1664,0.3656978691739632,0.18030848199914346
61888,0.36538493046620746,0.26957202717915896
88960,0.364894924906187,0.24032979692386458
35776,0.3646623396191585,0.11229720306040113
63424,0.36408473854049006,0.17169635835533734
31296,0.36371229403045235,0.3421442288259166
95552,0.36350930695685413,0.1883899799999426
14912,0.363317839019888,0.0918725532735362
66688,0.3633127281900909,0.01296632375942376
7680,0.3630013374569791,0.14289363756136145
22272,0.362566587723256,0.13564732922520104
47488,0.36255965110411165,0.1635939981979739
4288,0.3617901382772999,0.07463383023424153
6848,0.3615067696866995,0.201018338636578
14784,0.3613642099684854,0.15396165538996978
6272,0.36107589238925136,0.06969735940905393
15296,0.3610483273063627,0.09706986562560595
23680,0.3609469470458867,0.2821834763060251
35584,0.36053340927098754,0.24122828963565504
12864,0.35952771308586806,0.13926429359234838
22080,0.35950152392974183,0.14787933230710884
106944,0.35773584421129495,0.18758373834594957
5568,0.3577016490177403,0.16102152603245476
30720,0.3576924424127985,0.1208561227306596
21824,0.35646112878375125,0.19340295903904833
80000,0.35638991816435733,0.11182587347375306
56128,0.3563758922562944,0.10653995281577604
80704,0.35599449370266223,0.2647802237905434
18880,0.3558436878858722,0.16254116130861182
26368,0.3553284351999442,0.2416203613831093
108544,0.3552772443990842,0.07948819263623969
8256,0.3551767633980423,0.12452570968164689
71232,0.3550469751687126,0.3173263448154013
42304,0.35499320861173234,0.157523437039308
84032,0.3546663261125591,0.0768836732825861
97856,0.35395657890132337,0.2676417066348894
123392,0.3529003790194048,0.08358600690766366
26944,0.3528042554226575,0.19845769640023236
13248,0.35274135480127633,0.2574207518671317
121856,0.35173675788927905,0.17382190475793605
103680,0.35171868807584733,0.10705581793479244
8960,0.35012297127365477,0.23145867886416122
127872,0.349805927266807,0.13697027030912817
24128,0.34971704580085394,0.19196445206223503
70848,0.3487504028788018,0.05914056218910595
22336,0.3482276729986157,0.18051636202610846
115200,0.34815528916648436,0.3295528462319346
84544,0.3481439996760179,0.21402706315892586
122752,0.34694210714074414,0.2259298697253725
84800,0.3464539854002162,0.17919072797559582
108032,0.3458627872450319,0.1501418636529467
123904,0.34580018230564963,0.24271571426879257
39296,0.3455718203168668,0.16945157067218974
37952,0.34546130387782836,0.2571293172015171
84224,0.34519085244018755,0.22986789237250724
76608,0.34458867299263396,0.18863819722791442
31808,0.3445730529691373,0.30316272254236604
4928,0.3434397022607522,0.09002439953715459
91968,0.343283120771673,0.19302821343277585
7040,0.340847503535679,0.20287862989379654
86080,0.3407620457901097,0.2940092760275268
114816,0.3406940032425906,0.1142313552998133
86016,0.3406577752868566,0.24506648959392277
12032,0.34062046111105615,0.1889452715418875
18176,0.34058540302124074,0.1480985827661601
4224,0.34032601549649766,0.2272635496981761
1344,0.3397841314143947,0.12462403193992212
20672,0.33971107134247475,0.17707920112318615
11776,0.33943560555679647,0.15003023469124416
102464,0.3390258208843463,0.21306792189935622
960,0.33860425181663145,0.1506515826221083
14848,0.33774202083964644,0.40332948821396686
16960,0.3375371491678391,0.18764401297972563
2688,0.3375229316589656,0.1666913070356722
1280,0.3371049111387244,0.06298602098939433
10944,0.33666158504225063,0.0573776904023965
87616,0.33630029349628554,0.055078494071151056
69952,0.3361625566481675,0.18777833796853755
63168,0.33504443378230675,0.09047280019315267
9472,0.3348823558976869,0.1515997179722457
40832,0.33415621549623015,0.15996085028756243
20032,0.3339532835486013,0.035971801321363205
60416,0.3339122705297032,0.11688829000692962
107520,0.3338178824499775,0.1672699876742936
34176,0.3335457196852766,0.13039210292085124
91648,0.3334718153638732,0.20937010267618178
20352,0.331484389327845,0.21739652388156916
127040,0.33118143943162115,0.20822357179871046
9024,0.33032747115484185,0.13991051855408462
78656,0.3302210699588716,0.0859972129726002
26304,0.3289004414667468,0.1718629354116776
43264,0.32856725279065563,0.1003064868504956
7616,0.3285643231608973,0.16830036395247447
8448,0.32785353787305394,0.14553174261949747
29248,0.32772616518684033,0.19470153496948123
1792,0.3265828383535252,0.21704942502678348
32320,0.32610042250720717,0.031744800703831004
35904,0.32525555109822063,0.24599329464071837
114496,0.3251100226074367,0.14558116510870717
87936,0.32504645861123155,0.0986894641099665
95744,0.3250368535700061,0.14978721949973628
52224,0.3248169939859183,0.0675000424731235
87744,0.3240517684007128,0.13878962412741763
39168,0.32395774215177287,0.1892108988384272
108288,0.3237393302245055,0.16567978177811618
125376,0.32372279606678034,0.09674871923462079
5056,0.3236454448605072,0.15428625931175108
52096,0.3233091795954885,0.06253097873519652
3392,0.323194757590552,0.1234131499868855
118784,0.32305992956874907,0.15031541845731095
106432,0.32283821057332973,0.13832868573774082
55296,0.32231754482928837,0.07996760531478236
38656,0.32182193757832506,0.13019033122573112
4864,0.32136166794993004,0.06540006328832819
640,0.3211652869977269,0.14167529798135878
11328,0.32088989779785476,0.11892746221344984
77120,0.3207128135994233,0.2330937716245088
72704,0.32061389031800547,0.24946837541048208
7872,0.3205604260351453,0.12069528151687713
85376,0.3202713342511265,0.0404356789930677
10112,0.3199358177042447,0.1815379219199088
66944,0.31957740290956227,0.13266733679727635
66176,0.31954846222232025,0.2361983314887879
12096,0.31836872031224217,0.16473360523139072
86528,0.3174884602107125,0.19453514823404697
11264,0.31739071795720036,0.13279306964462875
512,0.31709322400939205,0.23075711740650398
8768,0.3169775388581098,0.14454835956879347
4992,0.3161435965733604,0.15136152177444484
7936,0.3161027596581401,0.09015697900370821
8896,0.31589741267862526,0.13754373626367952
92992,0.31568083465858876,0.04670404821285716
24576,0.3145440375330034,0.05325778948142369
25920,0.31380470589220016,0.1523008250093578
59392,0.3136091010642717,0.05894015800506037
10304,0.31299201295777496,0.1821629585148236
121536,0.3113762889200542,0.10316406494249257
7744,0.31077828877723934,0.06983108070163568
896,0.310373537674402,0.11334779816131757
63488,0.3102877353932378,0.11688163107916114
3136,0.31016936618013835,0.07507981906460255
9344,0.31003802594461005,0.12812042004616403
17280,0.3097068659362887,0.14097209051908483
5504,0.30966442381494064,0.10052958546968897
3520,0.3096432805559617,0.13987089020220847
65792,0.3096077308173105,0.06985806709872021
3456,0.30925771900177595,0.1152270688702443
73088,0.3092549000540971,0.17190018587434758
128064,0.30885964778785163,0.16802431047057723
74368,0.30875157971749656,0.021769120424406714
6080,0.3086174019086797,0.1757905558385869
9408,0.3074471797464691,0.15174176204886486
8576,0.30662997348497856,0.16757326650016835
448,0.30531779687903,0.16825103577772133
17920,0.3052250673673724,0.12942778217196627
63552,0.3050888830124797,0.07080115451888057
13568,0.30499327052663516,0.07985574768168893
30336,0.304371264144103,0.012261533932932361
21952,0.3042406578211304,0.11987997803750146
9984,0.3028984360438693,0.13827518794502772
116032,0.30246087885138867,0.0718283032536341
116160,0.3022309310064557,0.1007333411873723
30592,0.3022117493282726,0.048245178344775236
78784,0.30143682102952546,0.13523601268545596
35840,0.3013451645299254,0.027074347187376568
54720,0.3013090102573567,0.12856495814414176
22144,0.3007154658473889,0.17146421928177386
56000,0.30009216281828793,0.012246221551221728
19520,0.2986023948522747,0.11791323434029155
2560,0.29816214904123484,0.14204603947242347
37184,0.29806478961252714,0.12081940040342709
10048,0.29750037379586325,0.15063692653902197
71936,0.29691968868028656,0.13985427603238107
2368,0.2964755666599809,0.14786371764303907
33472,0.2963188712847928,0.034577551609435216
96192,0.2962147674750243,0.049923331577269546
15872,0.2961203796092521,0.16745838260661117
2240,0.2956278505797331,0.13899625480902994
29568,0.2950556487156026,0.053536156856837665
110784,0.2949893501837471,0.09696841714906386
60160,0.2949503739293752,0.0983402804438685
9280,0.2948908468196156,0.1474638708384808
192,0.2945598911001729,0.14594977448097218
74624,0.2943895983926294,0.08222056151864052
112704,0.2941961585124623,0.07283555112561725
28224,0.2940372474048664,0.1359554677784103
7104,0.29361256280070724,0.18133904185963623
84736,0.29341363462649017,0.11960574633180727
26496,0.29289313389955973,0.1472432255312862
61440,0.2917300248643958,0.1373919150251856
114752,0.2916495087060554,0.1985066644194004
4416,0.29158831683315933,0.13259790094058016
3200,0.2912876556142181,0.13230172755275518
32704,0.29095675605780547,0.15526153468934079
11136,0.2904536182185352,0.08575242134726319
10176,0.29011389980323604,0.13534595764567195
6976,0.2898732558422926,0.1856974959151177
92352,0.28907053945581146,0.007704601855083215
11840,0.2886958301192382,0.14474268189560946
3264,0.2884971438351285,0.14086054712453913
11584,0.28761402179708956,0.10992032186988805
94016,0.28703589099868637,0.055222538692685126
32512,0.28650822702411505,0.08353580946876668
73856,0.28608163083631816,0.17360614335433588
1600,0.285803147009002,0.14864707491140897
2944,0.28521815179622517,0.21082310614374064
36928,0.28502407794572926,0.04442450991874215
72064,0.2847654951244005,0.1575608723952974
32576,0.28442502386727053,0.003084806840335515
61312,0.2838916547811165,0.2006224007842516
4160,0.2828973296842994,0.14182828032523034
17344,0.28289406589044647,0.13937246497485536
86784,0.282893991859795,0.11782256747501933
21248,0.28234637000067847,0.1774701402817934
704,0.2803870900704735,0.14425803480026989
7360,0.27999323253362585,0.13553774532137272
92224,0.2792326727840284,0.03157991870659496
54528,0.27871502215225075,0.03672126870298719
12544,0.2781703229005836,0.11622210970891843
11072,0.2781483973431793,0.12315578382601339
3840,0.2780247291764883,0.08812520482979877
7424,0.27799070314375857,0.13372542944523746
118016,0.27781088334757453,0.06298895363622936
7296,0.2778026085784772,0.19731801345200914
79744,0.27725716805500683,0.052389660769287076
256,0.2771753155127414,0.15101930855706222
4800,0.2769823349331853,0.1211902418538418
12800,0.2765538714617125,0.08793577038747896
16256,0.27637837974117707,0.14695615179009258
4096,0.27621148733067874,0.14823335716961464
5952,0.27445282424873385,0.11873644219903576
8640,0.27421317140931195,0.08359202470427993
35648,0.27260365775468404,0.20388147325523567
125504,0.27237550832471846,0.15634947606030578
34688,0.27134517111036216,0.09821456235502571
70720,0.27117065072037905,0.10225195514112871
8128,0.270697309046956,0.07394500315135913
5888,0.27007566827654406,0.16369054715208525
66432,0.2699467549539327,0.08408742941769927
320,0.269693832776059,0.12641298850452695
26560,0.2689894470099167,0.12452667404617544
107456,0.2686358309588633,0.10239506723474957
48832,0.2683891488057722,0.0304893632062823
23296,0.2674126105130336,0.19276331203076152
1152,0.26627344971886047,0.024310044453967606
8000,0.26581861405181123,0.10723380252958109
74240,0.2657874863719069,0.10983482725976916
50880,0.2655664788915778,0.08596782253721205
63936,0.26430909495069643,0.06744731726694897
48704,0.2642391914884727,0.07520039395727852
29824,0.26402698145942116,0.18077499769001662
26816,0.26367402546853796,0.017805654488719114
6208,0.26364138345152754,0.17065958540261175
13824,0.2635325581262687,0.08388422687493063
80384,0.2634534901738981,0.13282864434972713
80576,0.2619070549665772,0.06213938479747846
5376,0.2618681797296173,0.14080342036571963
94720,0.26183169633252035,0.17749108918116432
1856,0.2609552260669899,0.16645993033067194
84992,0.2609122748047715,0.1475991404033249
58432,0.26031783748680226,0.03625798882791787
2816,0.26027663258040645,0.10492148408794623
2880,0.25917524764203886,0.10739273815662752
3008,0.258139026295651,0.12114252178514687
4032,0.2566909120809669,0.09869507177539967
15424,0.2558777977739938,0.10322747394530746
11968,0.2554672941973408,0.06410179728424602
6592,0.2550831197629101,0.11782272803178849
6720,0.25483612752823637,0.11626804214545584
50816,0.2545355245141803,0.1669180822987876
10880,0.25447821631456885,0.07698683228734376
16000,0.2534123484273971,0.11759255601241493
100160,0.253134584524439,0.05302919838881889
29504,0.25207965477786815,0.044360224345927526
15616,0.25153722848240617,0.19138757799676304
10496,0.2512508134349872,0.09192348884688417
98432,0.2507148877744419,0.10640272254286746
121280,0.24973061140326147,0.042487901321754486
95040,0.24938029359671857,0.04723855667664768
8704,0.24652917329587393,0.09503612511198824
11648,0.24646630875054926,0.10183880171355882
1216,0.24624812061512588,0.09882336855557941
8832,0.2462019952175812,0.036328624419690085
51200,0.24609262553193834,0.030877069631293944
384,0.24570101318393497,0.1189542454540896
11456,0.24450427562332072,0.07566843883498002
14976,0.24400900496723973,0.057912691747887865
3648,0.24367010111293425,0.057331359419718626
38464,0.2430453259634522,0.16207569534137117
82816,0.24296542262467868,0.03154173164195501
12352,0.24182181583192724,0.10966016778024659
4544,0.2414003500955563,0.0965493361149154
71360,0.24097173914831377,0.10120943166486351
15168,0.24088730466997507,0.09612745850676731
61120,0.24046608493885446,0.04104649745951082
12608,0.24040947201615326,0.09203501877075566
3968,0.23891977397853179,0.05690068160343718
39360,0.23839226129877714,0.05271047898350612
30656,0.23647219042514064,0.131678709063553
87552,0.2352752821479995,0.14688774312499006
59840,0.2325655058564945,0.08973425391181986
30464,0.23231784598889407,0.1263316574356104
68992,0.23165498477285784,0.015959785246914594
71488,0.23152733784660753,0.0036151889988720537
21888,0.23114207771399894,0.04452344247525064
9664,0.23102604958163311,0.05857373162987073
92928,0.23066372841396168,0.014357684852090841
13632,0.23043432001577524,0.014877025004884754
114560,0.23003084026971551,0.0555648032940797
33024,0.22992477866903777,0.08458341820553769
2752,0.2297911216095478,0.03360145883350874
99392,0.22870351795984942,0.01787856893933551
13504,0.22761239115651807,0.10766286932574817
28736,0.2274175605290304,0.07238907108558358
11008,0.22735170141084896,0.112214190061724
1984,0.22629608279675215,0.10511621224196567
10752,0.2262878005841383,0.051431648070056624
27392,0.22608175119889926,0.04093252866066842
34496,0.22595345374072273,0.03243170867789594
46528,0.22497455112771292,0.05400772403763682
9088,0.22489445818457574,0.11200430654754298
56064,0.22482427011657258,0.006808397753240985
128,0.2247613351398138,0.04870863549752103
7488,0.2238347313863362,0.09074238442760138
60608,0.22264942996364978,0.05459484412203801
14400,0.22155951113908506,0.08324908111665147
10560,0.21916428851388728,0.05967470722003694
7168,0.21844069358992305,0.14703190383928133
64000,0.21819144590011624,0.04125385861153219
6464,0.21767604726230885,0.05323565346735618
61824,0.21719538417165365,0.0419630174352226
68480,0.21681323394695934,0.013819076558195675
15488,0.2164309074552775,0.06393755327992429
10432,0.2162503584144693,0.06470949720192792
70464,0.21604005575013374,0.03955165277620688
80832,0.2155575548408146,0.01022575466727437
768,0.21348617733206915,0.11094629782258814
74304,0.21163004695718865,0.08412278822466854
18432,0.21085301414080693,0.027841268473952983
11200,0.2103430023210467,0.07271795794488496
7232,0.21029250211180503,0.09498359527415466
14592,0.21007267459710377,0.04811341354459123
93120,0.20941526964447746,0.026028070993719635
1408,0.20917350036218857,0.048420634302043845
71744,0.20870056846854562,0.10839837523121892
80448,0.20866235857157617,0.024115648995987362
1920,0.20852480819168173,0.10380975880602587
1472,0.20824816321999423,0.0840221235530463
15040,0.20811530122480462,0.01889863371176482
14272,0.20646161113720923,0.026006857451141344
37056,0.20621086126473726,0.018966092717746713
92096,0.2061295750252512,0.009478416099257314
8192,0.20555760889815133,0.10155223870292811
10240,0.20508601776238103,0.023179332326853642
114432,0.20496837454433517,0.015905045525180215
96256,0.20426254116747292,0.14190401961741317
9856,0.20410989453732403,0.07492664755903551
112384,0.20293867761557186,0.024025300255193623
62848,0.20265044402163895,0.017508950853548866
14208,0.2026199220761248,0.049671246580156404
10688,0.20234705646245982,0.08585112033146214
37248,0.19844841804887758,0.054352835200016054
63808,0.19813578016160743,0.00855697263651101
32832,0.19721762831856768,0.0546365774770232
10368,0.1970703914588876,0.03740756750624109
15808,0.19691341075012542,0.10056397804776336
6400,0.19687753043004266,0.014417455843488525
56768,0.1955716385047063,0.01409370972567843
2304,0.19391817495884356,0.05190463466585578
125952,0.192280022601151,0.08403767637989483
16512,0.19179976674205867,0.044205178363328594
56960,0.19110074069870178,0.0058877383175878865
59712,0.18935328346873415,0.018023069985059204
94656,0.18833032733984978,0.04870459254746192
56640,0.187599485743034,0.010826711297743838
62976,0.1875841275023546,0.03223640528749137
100224,0.1870189101060553,0.036465915881995874
90688,0.18414652250361374,0.10524572575811203
43776,0.18349303804669434,0.06180320402928783
36544,0.18293583420196083,0.02883546454321081
69888,0.1828375726202709,0.047818550593929476
30528,0.1821846061608695,0.05338089572215668
18944,0.18167053427771918,0.1298574173273096
65152,0.18148835766975274,0.030028549968287483
7808,0.18090680458519956,0.04418232282407146
33216,0.17946625766231047,0.012454813830437705
24768,0.17919074481260544,0.045807233863375416
87104,0.1777333343405333,0.005140375051757079
576,0.1775644882324812,0.03648425696112891
69568,0.17570551817253185,0.009744085636188001
35136,0.17428530918238522,0.013606154658077177
84608,0.17316479606565785,0.036127436363941154
70976,0.17242862459404681,0.01814092272261447
17600,0.1723821877107086,0.08376222619917956
18240,0.17189488900795535,0.026529563800628236
10816,0.17161433454770988,0.0209023778178635
22528,0.1715049630728468,0.04733845273791718
59584,0.17106465745999602,0.02989605526490071
82176,0.17000386504905377,0.018999406282156694
25664,0.16929781178266995,0.09723292021866285
15552,0.16775577402530759,0.048945053222594306
14656,0.16741055448393197,0.02479483973391187
15744,0.165739916260718,0.007699980448589088
22784,0.1649397943911888,0.05526685012045249
92736,0.1644706380668004,0.01808429912724477
5184,0.1639175805893039,0.08309281766709349
5824,0.16334410623664777,0.08669110701683254
20544,0.16011962450800227,0.022597717593486194
1024,0.15981160691678317,0.05042153420240075
16320,0.15977719039190677,0.011440922175258885
26624,0.15693250978777817,0.03513040160761741
25856,0.15564593801709364,0.011706116147333277
18048,0.15521943784825765,0.03060561631143992
77440,0.15493697687218136,0.011184681537128444
122880,0.152881083668539,0.07424373750114287
8064,0.15075140605167972,0.022966355405630922
9152,0.14697795639454558,0.05543876163677426
3328,0.14601985259652006,0.016621499788538073
70592,0.14325149617223853,0.014226417748347627
69824,0.14109281240911414,0.016976542535091184
61504,0.13983142943057736,0.010690795102195429
64,0.13696501051288715,0.012010347335692844
94784,0.13681045083539828,0.10078527285363219
18368,0.13530330663746773,0.0021300996603396036
84416,0.13494113698860546,0.03565979849806986
7552,0.13409714549204538,0.07185821494807206
120064,0.13335992412927472,0.01806572084634754
4480,0.13195382306523115,0.015132519164803439
129024,0.13116888180113348,0.04117400493182704
832,0.12955975184532578,0.027405082675645013
6528,0.12830620037088172,0.045120134118289294
30144,0.12761252534034906,0.02119907627641395
60288,0.12708380264836797,0.008962328848923291
9920,0.1266305496403649,0.0278365085307109
89600,0.12420066396313892,0.038657286637074205
4672,0.12179614044696478,0.03536865814426822
115072,0.11986142724441981,0.016824385176280796
106496,0.11947202621225031,0.12832615920470697
4736,0.11945213151811741,0.017331173531880684
0,0.117665186593586,0.021416546313760155
8320,0.11381237634516307,0.004863836423614047
34816,0.11026749845446203,0.026472447272972918
116736,0.104516398026056,0.024388407598251918
36800,0.10223505053259914,0.007938018116445138
8512,0.10148148801314007,0.0018868985746159416
13056,0.09923271800950315,0.02292579125327684
120832,0.09742548909215361,0.019961407510871654
70784,0.09591970159389551,0.011647689048767711
100352,0.0958608846457795,0.024962299307122057
3776,0.08816028792376637,0.0037435752961348856
67712,0.08446894476192025,0.0021454252022692333
89536,0.0831844939928543,0.009366210041397609
64320,0.08128206964790867,0.00544469609868547
93504,0.0810100162249629,0.019935481498126715
34112,0.08094953150052325,0.016520147106669866
68288,0.08070186042426078,0.0030508581269346187
64448,0.07938073494347395,0.012293662376229666
81088,0.07876318357049886,0.01629943335096537
84352,0.07676786333122262,0.023737496052994578
36992,0.07442188018875011,0.010493440363816123
55872,0.069066700321333,0.012972197054342952
6144,0.06859335051635307,0.02255324437541673
56896,0.06616034117301685,0.014260861045206503
86272,0.0646182209403709,0.027309759237253952
71104,0.0615045210140307,0.013404684737290519
9600,0.055575037607594524,0.005739564025951844
73152,0.05063988883840941,0.012319508322345114
105216,0.0384310845478873,0.00571663613824572
70080,0.02529037423092411,0.004681719031449113
85056,0.02269200253771673,0.004279778975916185
